naics_code,naics_title,unit,factor_without_margins_kg_co2e_per_usd,margins_kg_co2e_per_usd,factor_with_margins_kg_co2e_per_usd,useeio_code
111110,Soybean Farming,"kg CO2e/2022 USD, purchaser price",0.488,0.044,0.532,1111A0
111120,Oilseed (except Soybean) Farming,"kg CO2e/2022 USD, purchaser price",0.488,0.044,0.532,1111A0
111130,Dry Pea and Bean Farming,"kg CO2e/2022 USD, purchaser price",0.809,0.04,0.848,1111B0
111140,Wheat Farming,"kg CO2e/2022 USD, purchaser price",0.809,0.04,0.848,1111B0
111150,Corn Farming,"kg CO2e/2022 USD, purchaser price",0.809,0.04,0.848,1111B0
111160,Rice Farming,"kg CO2e/2022 USD, purchaser price",0.809,0.04,0.848,1111B0
111191,Oilseed and Grain Combination Farming,"kg CO2e/2022 USD, purchaser price",0.809,0.04,0.848,1111B0
111199,All Other Grain Farming,"kg CO2e/2022 USD, purchaser price",0.809,0.04,0.848,1111B0
111211,Potato Farming,"kg CO2e/2022 USD, purchaser price",0.591,0.041,0.631,111200
111219,Other Vegetable (except Potato) and Melon Farming,"kg CO2e/2022 USD, purchaser price",0.591,0.041,0.631,111200
111310,Orange Groves,"kg CO2e/2022 USD, purchaser price",0.429,0.059,0.488,111300
111320,Citrus (except Orange) Groves,"kg CO2e/2022 USD, purchaser price",0.429,0.059,0.488,111300
111331,Apple Orchards,"kg CO2e/2022 USD, purchaser price",0.429,0.059,0.488,111300
111332,Grape Vineyards,"kg CO2e/2022 USD, purchaser price",0.429,0.059,0.488,111300
111333,Strawberry Farming,"kg CO2e/2022 USD, purchaser price",0.429,0.059,0.488,111300
111334,Berry (except Strawberry) Farming,"kg CO2e/2022 USD, purchaser price",0.429,0.059,0.488,111300
111335,Tree Nut Farming,"kg CO2e/2022 USD, purchaser price",0.429,0.059,0.488,111300
111336,Fruit and Tree Nut Combination Farming,"kg CO2e/2022 USD, purchaser price",0.429,0.059,0.488,111300
111339,Other Noncitrus Fruit Farming,"kg CO2e/2022 USD, purchaser price",0.429,0.059,0.488,111300
111411,Mushroom Production,"kg CO2e/2022 USD, purchaser price",0.266,0.041,0.307,111400
111419,Other Food Crops Grown Under Cover,"kg CO2e/2022 USD, purchaser price",0.266,0.041,0.307,111400
111421,Nursery and Tree Production,"kg CO2e/2022 USD, purchaser price",0.266,0.041,0.307,111400
111422,Floriculture Production,"kg CO2e/2022 USD, purchaser price",0.266,0.041,0.307,111400
111910,Tobacco Farming,"kg CO2e/2022 USD, purchaser price",0.703,0.037,0.74,111900
111920,Cotton Farming,"kg CO2e/2022 USD, purchaser price",0.703,0.037,0.74,111900
111930,Sugarcane Farming,"kg CO2e/2022 USD, purchaser price",0.703,0.037,0.74,111900
111940,Hay Farming,"kg CO2e/2022 USD, purchaser price",0.703,0.037,0.74,111900
111991,Sugar Beet Farming,"kg CO2e/2022 USD, purchaser price",0.703,0.037,0.74,111900
111992,Peanut Farming,"kg CO2e/2022 USD, purchaser price",0.703,0.037,0.74,111900
111998,All Other Miscellaneous Crop Farming,"kg CO2e/2022 USD, purchaser price",0.703,0.037,0.74,111900
112111,Beef Cattle Ranching and Farming,"kg CO2e/2022 USD, purchaser price",2.847,0.045,2.893,1121A0
112112,Cattle Feedlots,"kg CO2e/2022 USD, purchaser price",2.847,0.045,2.893,1121A0
112120,Dairy Cattle and Milk Production,"kg CO2e/2022 USD, purchaser price",1.682,0.042,1.724,112120
112130,Dual-Purpose Cattle Ranching and Farming,"kg CO2e/2022 USD, purchaser price",2.847,0.045,2.893,1121A0
112210,Hog and Pig Farming,"kg CO2e/2022 USD, purchaser price",1.077,0.051,1.128,112A00
112310,Chicken Egg Production,"kg CO2e/2022 USD, purchaser price",0.407,0.031,0.438,112300
112320,Broilers and Other Meat Type Chicken Production,"kg CO2e/2022 USD, purchaser price",0.407,0.031,0.438,112300
112330,Turkey Production,"kg CO2e/2022 USD, purchaser price",0.407,0.031,0.438,112300
112340,Poultry Hatcheries,"kg CO2e/2022 USD, purchaser price",0.407,0.031,0.438,112300
112390,Other Poultry Production,"kg CO2e/2022 USD, purchaser price",0.407,0.031,0.438,112300
112410,Sheep Farming,"kg CO2e/2022 USD, purchaser price",1.077,0.051,1.128,112A00
112420,Goat Farming,"kg CO2e/2022 USD, purchaser price",1.077,0.051,1.128,112A00
112511,Finfish Farming and Fish Hatcheries,"kg CO2e/2022 USD, purchaser price",1.077,0.051,1.128,112A00
112512,Shellfish Farming,"kg CO2e/2022 USD, purchaser price",1.077,0.051,1.128,112A00
112519,Other Aquaculture,"kg CO2e/2022 USD, purchaser price",1.077,0.051,1.128,112A00
112910,Apiculture,"kg CO2e/2022 USD, purchaser price",1.077,0.051,1.128,112A00
112920,Horses and Other Equine Production,"kg CO2e/2022 USD, purchaser price",1.077,0.051,1.128,112A00
112930,Fur-Bearing Animal and Rabbit Production,"kg CO2e/2022 USD, purchaser price",1.077,0.051,1.128,112A00
112990,All Other Animal Production,"kg CO2e/2022 USD, purchaser price",1.077,0.051,1.128,112A00
113110,Timber Tract Operations,"kg CO2e/2022 USD, purchaser price",0.199,0.045,0.243,113000
113210,Forest Nurseries and Gathering of Forest Products,"kg CO2e/2022 USD, purchaser price",0.199,0.045,0.243,113000
113310,Logging,"kg CO2e/2022 USD, purchaser price",0.199,0.045,0.243,113000
114111,Finfish Fishing,"kg CO2e/2022 USD, purchaser price",0.127,0.027,0.154,114000
114112,Shellfish Fishing,"kg CO2e/2022 USD, purchaser price",0.127,0.027,0.154,114000
114119,Other Marine Fishing,"kg CO2e/2022 USD, purchaser price",0.127,0.027,0.154,114000
114210,Hunting and Trapping,"kg CO2e/2022 USD, purchaser price",0.127,0.027,0.154,114000
115111,Cotton Ginning,"kg CO2e/2022 USD, purchaser price",0.384,0,0.384,115000
115112,"Soil Preparation, Planting, and Cultivating","kg CO2e/2022 USD, purchaser price",0.384,0,0.384,115000
115113,"Crop Harvesting, Primarily by Machine","kg CO2e/2022 USD, purchaser price",0.384,0,0.384,115000
115114,Postharvest Crop Activities (except Cotton Ginning),"kg CO2e/2022 USD, purchaser price",0.384,0,0.384,115000
115115,Farm Labor Contractors and Crew Leaders,"kg CO2e/2022 USD, purchaser price",0.384,0,0.384,115000
115116,Farm Management Services,"kg CO2e/2022 USD, purchaser price",0.384,0,0.384,115000
115210,Support Activities for Animal Production,"kg CO2e/2022 USD, purchaser price",0.384,0,0.384,115000
115310,Support Activities for Forestry,"kg CO2e/2022 USD, purchaser price",0.384,0,0.384,115000
211120,Crude Petroleum Extraction,"kg CO2e/2022 USD, purchaser price",0.377,0.028,0.405,211000
211130,Natural Gas Extraction,"kg CO2e/2022 USD, purchaser price",0.377,0.028,0.405,211000
212111,Bituminous Coal and Lignite Surface Mining,"kg CO2e/2022 USD, purchaser price",0.747,0.094,0.841,212100
212112,Bituminous Coal Underground Mining,"kg CO2e/2022 USD, purchaser price",0.747,0.094,0.841,212100
212113,Anthracite Mining,"kg CO2e/2022 USD, purchaser price",0.747,0.094,0.841,212100
212210,Iron Ore Mining,"kg CO2e/2022 USD, purchaser price",0.54,0.054,0.593,2122A0
212221,Gold Ore Mining,"kg CO2e/2022 USD, purchaser price",0.54,0.054,0.593,2122A0
212222,Silver Ore Mining,"kg CO2e/2022 USD, purchaser price",0.54,0.054,0.593,2122A0
212230,"Copper, Nickel, Lead, and Zinc Mining","kg CO2e/2022 USD, purchaser price",0.27,0.053,0.324,212230
212291,Uranium-Radium-Vanadium Ore Mining,"kg CO2e/2022 USD, purchaser price",0.54,0.054,0.593,2122A0
212299,All Other Metal Ore Mining,"kg CO2e/2022 USD, purchaser price",0.54,0.054,0.593,2122A0
212311,Dimension Stone Mining and Quarrying,"kg CO2e/2022 USD, purchaser price",0.193,0.086,0.279,212310
212312,Crushed and Broken Limestone Mining and Quarrying,"kg CO2e/2022 USD, purchaser price",0.193,0.086,0.279,212310
212313,Crushed and Broken Granite Mining and Quarrying,"kg CO2e/2022 USD, purchaser price",0.193,0.086,0.279,212310
212319,Other Crushed and Broken Stone Mining and Quarrying,"kg CO2e/2022 USD, purchaser price",0.193,0.086,0.279,212310
212321,Construction Sand and Gravel Mining,"kg CO2e/2022 USD, purchaser price",0.184,0.125,0.309,2123A0
212322,Industrial Sand Mining,"kg CO2e/2022 USD, purchaser price",0.184,0.125,0.309,2123A0
212324,Kaolin and Ball Clay Mining,"kg CO2e/2022 USD, purchaser price",0.184,0.125,0.309,2123A0
212325,Clay and Ceramic and Refractory Minerals Mining,"kg CO2e/2022 USD, purchaser price",0.184,0.125,0.309,2123A0
212391,"Potash, Soda, and Borate Mineral Mining","kg CO2e/2022 USD, purchaser price",0.184,0.125,0.309,2123A0
212392,Phosphate Rock Mining,"kg CO2e/2022 USD, purchaser price",0.184,0.125,0.309,2123A0
212393,Other Chemical and Fertilizer Mineral Mining,"kg CO2e/2022 USD, purchaser price",0.184,0.125,0.309,2123A0
212399,All Other Nonmetallic Mineral Mining,"kg CO2e/2022 USD, purchaser price",0.184,0.125,0.309,2123A0
213111,Drilling Oil and Gas Wells,"kg CO2e/2022 USD, purchaser price",0.407,0,0.407,213111
213112,Support Activities for Oil and Gas Operations,"kg CO2e/2022 USD, purchaser price",0.372,0,0.372,21311A
213113,Support Activities for Coal Mining,"kg CO2e/2022 USD, purchaser price",0.372,0,0.372,21311A
213114,Support Activities for Metal Mining,"kg CO2e/2022 USD, purchaser price",0.372,0,0.372,21311A
213115,Support Activities for Nonmetallic Minerals (except Fuels) Mining,"kg CO2e/2022 USD, purchaser price",0.372,0,0.372,21311A
221210,Natural Gas Distribution,"kg CO2e/2022 USD, purchaser price",0.532,0,0.532,221200
221310,Water Supply and Irrigation Systems,"kg CO2e/2022 USD, purchaser price",0.578,0,0.578,221300
221320,Sewage Treatment Facilities,"kg CO2e/2022 USD, purchaser price",0.578,0,0.578,221300
221330,Steam and Air-Conditioning Supply,"kg CO2e/2022 USD, purchaser price",0.578,0,0.578,221300
236115,New Single-Family Housing Construction (except For-Sale Builders),"kg CO2e/2022 USD, purchaser price",0.194,0,0.194,233411
236116,New Multifamily Housing Construction (except For-Sale Builders),"kg CO2e/2022 USD, purchaser price",0.221,0,0.221,233412
236117,New Housing For-Sale Builders,"kg CO2e/2022 USD, purchaser price",0.216,0,0.216,"233411, 233412, 2334A0"
236118,Residential Remodelers,"kg CO2e/2022 USD, purchaser price",0.211,0,0.211,230302
236210,Industrial Building Construction,"kg CO2e/2022 USD, purchaser price",0.239,0,0.239,"230301, 233230"
236220,Commercial and Institutional Building Construction,"kg CO2e/2022 USD, purchaser price",0.224,0,0.224,"230301, 233210, 233262, 2332A0"
237110,Water and Sewer Line and Related Structures Construction,"kg CO2e/2022 USD, purchaser price",0.277,0,0.277,233240
237120,Oil and Gas Pipeline and Related Structures Construction,"kg CO2e/2022 USD, purchaser price",0.277,0,0.277,233240
237130,Power and Communication Line and Related Structures Construction,"kg CO2e/2022 USD, purchaser price",0.277,0,0.277,233240
237210,Land Subdivision,"kg CO2e/2022 USD, purchaser price",0.221,0,0.221,"233210, 233230, 233240, 233262, 2332A0, 2332C0, 2332D0, 233411, 233412, 2334A0"
237310,"Highway, Street, and Bridge Construction","kg CO2e/2022 USD, purchaser price",0.255,0,0.255,2332C0
237990,Other Heavy and Civil Engineering Construction,"kg CO2e/2022 USD, purchaser price",0.202,0,0.202,2332D0
238110,Poured Concrete Foundation and Structure Contractors,"kg CO2e/2022 USD, purchaser price",0.221,0,0.221,"230301, 230302, 233210, 233230, 233240, 233262, 2332A0, 2332D0, 233411, 233412, 2334A0"
238120,Structural Steel and Precast Concrete Contractors,"kg CO2e/2022 USD, purchaser price",0.221,0,0.221,"230301, 230302, 233210, 233230, 233240, 233262, 2332A0, 2332D0, 233411, 233412, 2334A0"
238130,Framing Contractors,"kg CO2e/2022 USD, purchaser price",0.221,0,0.221,"230301, 230302, 233210, 233230, 233240, 233262, 2332A0, 2332D0, 233411, 233412, 2334A0"
238140,Masonry Contractors,"kg CO2e/2022 USD, purchaser price",0.221,0,0.221,"230301, 230302, 233210, 233230, 233240, 233262, 2332A0, 2332D0, 233411, 233412, 2334A0"
238150,Glass and Glazing Contractors,"kg CO2e/2022 USD, purchaser price",0.221,0,0.221,"230301, 230302, 233210, 233230, 233240, 233262, 2332A0, 2332D0, 233411, 233412, 2334A0"
238160,Roofing Contractors,"kg CO2e/2022 USD, purchaser price",0.221,0,0.221,"230301, 230302, 233210, 233230, 233240, 233262, 2332A0, 2332D0, 233411, 233412, 2334A0"
238170,Siding Contractors,"kg CO2e/2022 USD, purchaser price",0.221,0,0.221,"230301, 230302, 233210, 233230, 233240, 233262, 2332A0, 2332D0, 233411, 233412, 2334A0"
238190,"Other Foundation, Structure, and Building Exterior Contractors","kg CO2e/2022 USD, purchaser price",0.221,0,0.221,"230301, 230302, 233210, 233230, 233240, 233262, 2332A0, 2332D0, 233411, 233412, 2334A0"
238210,Electrical Contractors and Other Wiring Installation Contractors,"kg CO2e/2022 USD, purchaser price",0.221,0,0.221,"230301, 230302, 233210, 233230, 233240, 233262, 2332A0, 2332D0, 233411, 233412, 2334A0"
238220,"Plumbing, Heating, and Air-Conditioning Contractors","kg CO2e/2022 USD, purchaser price",0.221,0,0.221,"230301, 230302, 233210, 233230, 233240, 233262, 2332A0, 2332D0, 233411, 233412, 2334A0"
238290,Other Building Equipment Contractors,"kg CO2e/2022 USD, purchaser price",0.221,0,0.221,"230301, 230302, 233210, 233230, 233240, 233262, 2332A0, 2332D0, 233411, 233412, 2334A0"
238310,Drywall and Insulation Contractors,"kg CO2e/2022 USD, purchaser price",0.221,0,0.221,"230301, 230302, 233210, 233230, 233240, 233262, 2332A0, 2332D0, 233411, 233412, 2334A0"
238320,Painting and Wall Covering Contractors,"kg CO2e/2022 USD, purchaser price",0.221,0,0.221,"230301, 230302, 233210, 233230, 233240, 233262, 2332A0, 2332D0, 233411, 233412, 2334A0"
238330,Flooring Contractors,"kg CO2e/2022 USD, purchaser price",0.221,0,0.221,"230301, 230302, 233210, 233230, 233240, 233262, 2332A0, 2332D0, 233411, 233412, 2334A0"
238340,Tile and Terrazzo Contractors,"kg CO2e/2022 USD, purchaser price",0.221,0,0.221,"230301, 230302, 233210, 233230, 233240, 233262, 2332A0, 2332D0, 233411, 233412, 2334A0"
238350,Finish Carpentry Contractors,"kg CO2e/2022 USD, purchaser price",0.221,0,0.221,"230301, 230302, 233210, 233230, 233240, 233262, 2332A0, 2332D0, 233411, 233412, 2334A0"
238390,Other Building Finishing Contractors,"kg CO2e/2022 USD, purchaser price",0.221,0,0.221,"230301, 230302, 233210, 233230, 233240, 233262, 2332A0, 2332D0, 233411, 233412, 2334A0"
238910,Site Preparation Contractors,"kg CO2e/2022 USD, purchaser price",0.221,0,0.221,"230301, 230302, 233210, 233230, 233240, 233262, 2332A0, 2332D0, 233411, 233412, 2334A0"
238990,All Other Specialty Trade Contractors,"kg CO2e/2022 USD, purchaser price",0.221,0,0.221,"230301, 230302, 233210, 233230, 233240, 233262, 2332A0, 2332D0, 233411, 233412, 2334A0"
311111,Dog and Cat Food Manufacturing,"kg CO2e/2022 USD, purchaser price",0.282,0.051,0.333,311111
311119,Other Animal Food Manufacturing,"kg CO2e/2022 USD, purchaser price",0.428,0.031,0.459,311119
311211,Flour Milling,"kg CO2e/2022 USD, purchaser price",0.732,0.037,0.769,311210
311212,Rice Milling,"kg CO2e/2022 USD, purchaser price",0.732,0.037,0.769,311210
311213,Malt Manufacturing,"kg CO2e/2022 USD, purchaser price",0.732,0.037,0.769,311210
311221,Wet Corn Milling,"kg CO2e/2022 USD, purchaser price",0.956,0.037,0.993,311221
311224,Soybean and Other Oilseed Processing,"kg CO2e/2022 USD, purchaser price",0.481,0.03,0.511,311224
311225,Fats and Oils Refining and Blending,"kg CO2e/2022 USD, purchaser price",0.36,0.025,0.385,311225
311230,Breakfast Cereal Manufacturing,"kg CO2e/2022 USD, purchaser price",0.423,0.05,0.473,311230
311313,Beet Sugar Manufacturing,"kg CO2e/2022 USD, purchaser price",0.442,0.04,0.482,311300
311314,Cane Sugar Manufacturing,"kg CO2e/2022 USD, purchaser price",0.442,0.04,0.482,311300
311340,Nonchocolate Confectionery Manufacturing,"kg CO2e/2022 USD, purchaser price",0.442,0.04,0.482,311300
311351,Chocolate and Confectionery Manufacturing from Cacao Beans,"kg CO2e/2022 USD, purchaser price",0.442,0.04,0.482,311300
311352,Confectionery Manufacturing from Purchased Chocolate,"kg CO2e/2022 USD, purchaser price",0.442,0.04,0.482,311300
311411,"Frozen Fruit, Juice, and Vegetable Manufacturing","kg CO2e/2022 USD, purchaser price",0.438,0.047,0.485,311410
311412,Frozen Specialty Food Manufacturing,"kg CO2e/2022 USD, purchaser price",0.438,0.047,0.485,311410
311421,Fruit and Vegetable Canning,"kg CO2e/2022 USD, purchaser price",0.343,0.038,0.381,311420
311422,Specialty Canning,"kg CO2e/2022 USD, purchaser price",0.343,0.038,0.381,311420
311423,Dried and Dehydrated Food Manufacturing,"kg CO2e/2022 USD, purchaser price",0.343,0.038,0.381,311420
311511,Fluid Milk Manufacturing,"kg CO2e/2022 USD, purchaser price",0.766,0.037,0.803,31151A
311512,Creamery Butter Manufacturing,"kg CO2e/2022 USD, purchaser price",0.766,0.037,0.803,31151A
311513,Cheese Manufacturing,"kg CO2e/2022 USD, purchaser price",0.936,0.034,0.969,311513
311514,"Dry, Condensed, and Evaporated Dairy Product Manufacturing","kg CO2e/2022 USD, purchaser price",0.605,0.037,0.642,311514
311520,Ice Cream and Frozen Dessert Manufacturing,"kg CO2e/2022 USD, purchaser price",0.55,0.03,0.58,311520
311611,Animal (except Poultry) Slaughtering,"kg CO2e/2022 USD, purchaser price",1.086,0.033,1.12,31161A
311612,Meat Processed from Carcasses,"kg CO2e/2022 USD, purchaser price",1.086,0.033,1.12,31161A
311613,Rendering and Meat Byproduct Processing,"kg CO2e/2022 USD, purchaser price",1.086,0.033,1.12,31161A
311615,Poultry Processing,"kg CO2e/2022 USD, purchaser price",0.361,0.031,0.391,311615
311710,Seafood Product Preparation and Packaging,"kg CO2e/2022 USD, purchaser price",0.239,0.027,0.266,311700
311811,Retail Bakeries,"kg CO2e/2022 USD, purchaser price",0.213,0.04,0.253,311810
311812,Commercial Bakeries,"kg CO2e/2022 USD, purchaser price",0.213,0.04,0.253,311810
311813,"Frozen Cakes, Pies, and Other Pastries Manufacturing","kg CO2e/2022 USD, purchaser price",0.213,0.04,0.253,311810
311821,Cookie and Cracker Manufacturing,"kg CO2e/2022 USD, purchaser price",0.31,0.047,0.356,3118A0
311824,"Dry Pasta, Dough, and Flour Mixes Manufacturing from Purchased Flour","kg CO2e/2022 USD, purchaser price",0.31,0.047,0.356,3118A0
311830,Tortilla Manufacturing,"kg CO2e/2022 USD, purchaser price",0.31,0.047,0.356,3118A0
311911,Roasted Nuts and Peanut Butter Manufacturing,"kg CO2e/2022 USD, purchaser price",0.329,0.044,0.372,311910
311919,Other Snack Food Manufacturing,"kg CO2e/2022 USD, purchaser price",0.329,0.044,0.372,311910
311920,Coffee and Tea Manufacturing,"kg CO2e/2022 USD, purchaser price",0.313,0.04,0.353,311920
311930,Flavoring Syrup and Concentrate Manufacturing,"kg CO2e/2022 USD, purchaser price",0.195,0.021,0.216,311930
311941,"Mayonnaise, Dressing, and Other Prepared Sauce Manufacturing","kg CO2e/2022 USD, purchaser price",0.303,0.04,0.344,311940
311942,Spice and Extract Manufacturing,"kg CO2e/2022 USD, purchaser price",0.303,0.04,0.344,311940
311991,Perishable Prepared Food Manufacturing,"kg CO2e/2022 USD, purchaser price",0.358,0.042,0.401,311990
311999,All Other Miscellaneous Food Manufacturing,"kg CO2e/2022 USD, purchaser price",0.358,0.042,0.401,311990
312111,Soft Drink Manufacturing,"kg CO2e/2022 USD, purchaser price",0.173,0.042,0.214,312110
312112,Bottled Water Manufacturing,"kg CO2e/2022 USD, purchaser price",0.173,0.042,0.214,312110
312113,Ice Manufacturing,"kg CO2e/2022 USD, purchaser price",0.173,0.042,0.214,312110
312120,Breweries,"kg CO2e/2022 USD, purchaser price",0.209,0.066,0.274,312120
312130,Wineries,"kg CO2e/2022 USD, purchaser price",0.123,0.059,0.182,312130
312140,Distilleries,"kg CO2e/2022 USD, purchaser price",0.242,0.062,0.305,312140
312230,Tobacco Manufacturing,"kg CO2e/2022 USD, purchaser price",0.055,0.046,0.101,312200
313110,"Fiber, Yarn, and Thread Mills","kg CO2e/2022 USD, purchaser price",0.636,0.023,0.659,313100
313210,Broadwoven Fabric Mills,"kg CO2e/2022 USD, purchaser price",0.48,0.027,0.507,313200
313220,Narrow Fabric Mills and Schiffli Machine Embroidery,"kg CO2e/2022 USD, purchaser price",0.48,0.027,0.507,313200
313230,Nonwoven Fabric Mills,"kg CO2e/2022 USD, purchaser price",0.48,0.027,0.507,313200
313240,Knit Fabric Mills,"kg CO2e/2022 USD, purchaser price",0.48,0.027,0.507,313200
313310,Textile and Fabric Finishing Mills,"kg CO2e/2022 USD, purchaser price",0.37,0.026,0.396,313300
313320,Fabric Coating Mills,"kg CO2e/2022 USD, purchaser price",0.37,0.026,0.396,313300
314110,Carpet and Rug Mills,"kg CO2e/2022 USD, purchaser price",0.224,0.068,0.292,314110
314120,Curtain and Linen Mills,"kg CO2e/2022 USD, purchaser price",0.206,0.061,0.267,314120
314910,Textile Bag and Canvas Mills,"kg CO2e/2022 USD, purchaser price",0.197,0.046,0.243,314900
314994,"Rope, Cordage, Twine, Tire Cord, and Tire Fabric Mills","kg CO2e/2022 USD, purchaser price",0.197,0.046,0.243,314900
314999,All Other Miscellaneous Textile Product Mills,"kg CO2e/2022 USD, purchaser price",0.197,0.046,0.243,314900
315110,Hosiery and Sock Mills,"kg CO2e/2022 USD, purchaser price",0.06,0.06,0.12,315000
315190,Other Apparel Knitting Mills,"kg CO2e/2022 USD, purchaser price",0.06,0.06,0.12,315000
315210,Cut and Sew Apparel Contractors,"kg CO2e/2022 USD, purchaser price",0.06,0.06,0.12,315000
315220,Men's and Boys' Cut and Sew Apparel Manufacturing,"kg CO2e/2022 USD, purchaser price",0.06,0.06,0.12,315000
315240,"Women's, Girls', and Infants' Cut and Sew Apparel Manufacturing","kg CO2e/2022 USD, purchaser price",0.06,0.06,0.12,315000
315280,Other Cut and Sew Apparel Manufacturing,"kg CO2e/2022 USD, purchaser price",0.06,0.06,0.12,315000
315990,Apparel Accessories and Other Apparel Manufacturing,"kg CO2e/2022 USD, purchaser price",0.06,0.06,0.12,315000
316110,Leather and Hide Tanning and Finishing,"kg CO2e/2022 USD, purchaser price",0.222,0.06,0.282,316000
316210,Footwear Manufacturing,"kg CO2e/2022 USD, purchaser price",0.222,0.06,0.282,316000
316992,Women's Handbag and Purse Manufacturing,"kg CO2e/2022 USD, purchaser price",0.222,0.06,0.282,316000
316998,All Other Leather Good and Allied Product Manufacturing,"kg CO2e/2022 USD, purchaser price",0.222,0.06,0.282,316000
321113,Sawmills,"kg CO2e/2022 USD, purchaser price",0.227,0.037,0.264,321100
321114,Wood Preservation,"kg CO2e/2022 USD, purchaser price",0.227,0.037,0.264,321100
321211,Hardwood Veneer and Plywood Manufacturing,"kg CO2e/2022 USD, purchaser price",0.187,0.021,0.208,321200
321212,Softwood Veneer and Plywood Manufacturing,"kg CO2e/2022 USD, purchaser price",0.187,0.021,0.208,321200
321213,Engineered Wood Member (except Truss) Manufacturing,"kg CO2e/2022 USD, purchaser price",0.187,0.021,0.208,321200
321214,Truss Manufacturing,"kg CO2e/2022 USD, purchaser price",0.187,0.021,0.208,321200
321219,Reconstituted Wood Product Manufacturing,"kg CO2e/2022 USD, purchaser price",0.187,0.021,0.208,321200
321911,Wood Window and Door Manufacturing,"kg CO2e/2022 USD, purchaser price",0.122,0.031,0.154,321910
321912,"Cut Stock, Resawing Lumber, and Planing","kg CO2e/2022 USD, purchaser price",0.122,0.031,0.154,321910
321918,Other Millwork (including Flooring),"kg CO2e/2022 USD, purchaser price",0.122,0.031,0.154,321910
321920,Wood Container and Pallet Manufacturing,"kg CO2e/2022 USD, purchaser price",0.135,0.029,0.164,3219A0
321991,Manufactured Home (Mobile Home) Manufacturing,"kg CO2e/2022 USD, purchaser price",0.135,0.029,0.164,3219A0
321992,Prefabricated Wood Building Manufacturing,"kg CO2e/2022 USD, purchaser price",0.135,0.029,0.164,3219A0
321999,All Other Miscellaneous Wood Product Manufacturing,"kg CO2e/2022 USD, purchaser price",0.135,0.029,0.164,3219A0
322110,Pulp Mills,"kg CO2e/2022 USD, purchaser price",0.977,0.025,1.002,322110
322121,Paper (except Newsprint) Mills,"kg CO2e/2022 USD, purchaser price",0.603,0.047,0.649,322120
322122,Newsprint Mills,"kg CO2e/2022 USD, purchaser price",0.603,0.047,0.649,322120
322130,Paperboard Mills,"kg CO2e/2022 USD, purchaser price",0.789,0.04,0.829,322130
322211,Corrugated and Solid Fiber Box Manufacturing,"kg CO2e/2022 USD, purchaser price",0.449,0.03,0.479,322210
322212,Folding Paperboard Box Manufacturing,"kg CO2e/2022 USD, purchaser price",0.449,0.03,0.479,322210
322219,Other Paperboard Container Manufacturing,"kg CO2e/2022 USD, purchaser price",0.449,0.03,0.479,322210
322220,Paper Bag and Coated and Treated Paper Manufacturing,"kg CO2e/2022 USD, purchaser price",0.33,0.034,0.364,322220
322230,Stationery Product Manufacturing,"kg CO2e/2022 USD, purchaser price",0.265,0.031,0.296,322230
322291,Sanitary Paper Product Manufacturing,"kg CO2e/2022 USD, purchaser price",0.275,0.065,0.34,322291
322299,All Other Converted Paper Product Manufacturing,"kg CO2e/2022 USD, purchaser price",0.305,0.038,0.343,322299
323111,Commercial Printing (except Screen and Books),"kg CO2e/2022 USD, purchaser price",0.202,0.034,0.236,323110
323113,Commercial Screen Printing,"kg CO2e/2022 USD, purchaser price",0.202,0.034,0.236,323110
323117,Books Printing,"kg CO2e/2022 USD, purchaser price",0.202,0.034,0.236,323110
323120,Support Activites for Printing,"kg CO2e/2022 USD, purchaser price",0.214,0.023,0.237,323120
324110,Petroleum Refineries,"kg CO2e/2022 USD, purchaser price",0.248,0.022,0.27,324110
324121,Asphalt Paving Mixture and Block Manufacturing,"kg CO2e/2022 USD, purchaser price",1.093,0.028,1.121,324121
324122,Asphalt Shingle and Coating Materials Manufacturing,"kg CO2e/2022 USD, purchaser price",0.576,0.032,0.608,324122
324191,Petroleum Lubricating Oil and Grease Manufacturing,"kg CO2e/2022 USD, purchaser price",0.359,0.032,0.391,324190
324199,All Other Petroleum and Coal Products Manufacturing,"kg CO2e/2022 USD, purchaser price",0.359,0.032,0.391,324190
325110,Petrochemical Manufacturing,"kg CO2e/2022 USD, purchaser price",0.794,0.016,0.811,325110
325120,Industrial Gas Manufacturing,"kg CO2e/2022 USD, purchaser price",1.163,0.048,1.211,325120
325130,Synthetic Dye and Pigment Manufacturing,"kg CO2e/2022 USD, purchaser price",0.406,0.027,0.432,325130
325180,Other Basic Inorganic Chemical Manufacturing,"kg CO2e/2022 USD, purchaser price",0.974,0.036,1.01,325180
325193,Ethyl Alcohol Manufacturing,"kg CO2e/2022 USD, purchaser price",1.166,0.018,1.184,325190
325194,"Cyclic Crude, Intermediate, and Gum and Wood Chemical Manufacturing","kg CO2e/2022 USD, purchaser price",1.166,0.018,1.184,325190
325199,All Other Basic Organic Chemical Manufacturing,"kg CO2e/2022 USD, purchaser price",1.166,0.018,1.184,325190
325211,Plastics Material and Resin Manufacturing,"kg CO2e/2022 USD, purchaser price",1.022,0.024,1.045,325211
325212,Synthetic Rubber Manufacturing,"kg CO2e/2022 USD, purchaser price",0.886,0.016,0.902,3252A0
325220,Artificial and Synthetic Fibers and Filaments Manufacturing,"kg CO2e/2022 USD, purchaser price",0.886,0.016,0.902,3252A0
325311,Nitrogenous Fertilizer Manufacturing,"kg CO2e/2022 USD, purchaser price",1.114,0.023,1.137,325310
325312,Phosphatic Fertilizer Manufacturing,"kg CO2e/2022 USD, purchaser price",1.114,0.023,1.137,325310
325314,Fertilizer (Mixing Only) Manufacturing,"kg CO2e/2022 USD, purchaser price",1.114,0.023,1.137,325310
325320,Pesticide and Other Agricultural Chemical Manufacturing,"kg CO2e/2022 USD, purchaser price",0.433,0.031,0.463,325320
325411,Medicinal and Botanical Manufacturing,"kg CO2e/2022 USD, purchaser price",0.151,0.037,0.189,325411
325412,Pharmaceutical Preparation Manufacturing,"kg CO2e/2022 USD, purchaser price",0.045,0.053,0.099,325412
325413,In-Vitro Diagnostic Substance Manufacturing,"kg CO2e/2022 USD, purchaser price",0.161,0.022,0.183,325413
325414,Biological Product (except Diagnostic) Manufacturing,"kg CO2e/2022 USD, purchaser price",0.126,0.025,0.15,325414
325510,Paint and Coating Manufacturing,"kg CO2e/2022 USD, purchaser price",0.264,0.027,0.291,325510
325520,Adhesive Manufacturing,"kg CO2e/2022 USD, purchaser price",0.502,0.029,0.531,325520
325611,Soap and Other Detergent Manufacturing,"kg CO2e/2022 USD, purchaser price",0.315,0.04,0.355,325610
325612,Polish and Other Sanitation Good Manufacturing,"kg CO2e/2022 USD, purchaser price",0.315,0.04,0.355,325610
325613,Surface Active Agent Manufacturing,"kg CO2e/2022 USD, purchaser price",0.315,0.04,0.355,325610
325620,Toilet Preparation Manufacturing,"kg CO2e/2022 USD, purchaser price",0.136,0.058,0.194,325620
325910,Printing Ink Manufacturing,"kg CO2e/2022 USD, purchaser price",0.355,0.031,0.386,325910
325920,Explosives Manufacturing,"kg CO2e/2022 USD, purchaser price",0.472,0.028,0.5,3259A0
325991,Custom Compounding of Purchased Resins,"kg CO2e/2022 USD, purchaser price",0.472,0.028,0.5,3259A0
325992,"Photographic Film, Paper, Plate, and Chemical Manufacturing","kg CO2e/2022 USD, purchaser price",0.472,0.028,0.5,3259A0
325998,All Other Miscellaneous Chemical Product and Preparation Manufacturing,"kg CO2e/2022 USD, purchaser price",0.472,0.028,0.5,3259A0
326111,Plastics Bag and Pouch Manufacturing,"kg CO2e/2022 USD, purchaser price",0.521,0.023,0.544,326110
326112,Plastics Packaging Film and Sheet (including Laminated) Manufacturing,"kg CO2e/2022 USD, purchaser price",0.521,0.023,0.544,326110
326113,Unlaminated Plastics Film and Sheet (except Packaging) Manufacturing,"kg CO2e/2022 USD, purchaser price",0.521,0.023,0.544,326110
326121,Unlaminated Plastics Profile Shape Manufacturing,"kg CO2e/2022 USD, purchaser price",0.332,0.019,0.351,326120
326122,Plastics Pipe and Pipe Fitting Manufacturing,"kg CO2e/2022 USD, purchaser price",0.332,0.019,0.351,326120
326130,"Laminated Plastics Plate, Sheet (except Packaging), and Shape Manufacturing","kg CO2e/2022 USD, purchaser price",0.441,0.019,0.46,326130
326140,Polystyrene Foam Product Manufacturing,"kg CO2e/2022 USD, purchaser price",0.247,0.024,0.271,326140
326150,Urethane and Other Foam Product (except Polystyrene) Manufacturing,"kg CO2e/2022 USD, purchaser price",0.318,0.042,0.36,326150
326160,Plastics Bottle Manufacturing,"kg CO2e/2022 USD, purchaser price",0.553,0.025,0.579,326160
326191,Plastics Plumbing Fixture Manufacturing,"kg CO2e/2022 USD, purchaser price",0.344,0.027,0.371,326190
326199,All Other Plastics Product Manufacturing,"kg CO2e/2022 USD, purchaser price",0.344,0.027,0.371,326190
326211,Tire Manufacturing (except Retreading),"kg CO2e/2022 USD, purchaser price",0.233,0.043,0.276,326210
326212,Tire Retreading,"kg CO2e/2022 USD, purchaser price",0.233,0.043,0.276,326210
326220,Rubber and Plastics Hoses and Belting Manufacturing,"kg CO2e/2022 USD, purchaser price",0.281,0.028,0.309,326220
326291,Rubber Product Manufacturing for Mechanical Use,"kg CO2e/2022 USD, purchaser price",0.313,0.03,0.343,326290
326299,All Other Rubber Product Manufacturing,"kg CO2e/2022 USD, purchaser price",0.313,0.03,0.343,326290
327110,"Pottery, Ceramics, and Plumbing Fixture Manufacturing","kg CO2e/2022 USD, purchaser price",0.399,0.052,0.451,327100
327120,Clay Building Material and Refractories Manufacturing,"kg CO2e/2022 USD, purchaser price",0.399,0.052,0.451,327100
327211,Flat Glass Manufacturing,"kg CO2e/2022 USD, purchaser price",0.537,0.06,0.597,327200
327212,Other Pressed and Blown Glass and Glassware Manufacturing,"kg CO2e/2022 USD, purchaser price",0.537,0.06,0.597,327200
327213,Glass Container Manufacturing,"kg CO2e/2022 USD, purchaser price",0.537,0.06,0.597,327200
327215,Glass Product Manufacturing Made of Purchased Glass,"kg CO2e/2022 USD, purchaser price",0.537,0.06,0.597,327200
327310,Cement Manufacturing,"kg CO2e/2022 USD, purchaser price",3.846,0.078,3.924,327310
327320,Ready-Mix Concrete Manufacturing,"kg CO2e/2022 USD, purchaser price",0.54,0.067,0.606,327320
327331,Concrete Block and Brick Manufacturing,"kg CO2e/2022 USD, purchaser price",0.264,0.063,0.328,327330
327332,Concrete Pipe Manufacturing,"kg CO2e/2022 USD, purchaser price",0.264,0.063,0.328,327330
327390,Other Concrete Product Manufacturing,"kg CO2e/2022 USD, purchaser price",0.267,0.05,0.317,327390
327410,Lime Manufacturing,"kg CO2e/2022 USD, purchaser price",1.56,0.063,1.623,327400
327420,Gypsum Product Manufacturing,"kg CO2e/2022 USD, purchaser price",1.56,0.063,1.623,327400
327910,Abrasive Product Manufacturing,"kg CO2e/2022 USD, purchaser price",0.134,0.053,0.187,327910
327991,Cut Stone and Stone Product Manufacturing,"kg CO2e/2022 USD, purchaser price",0.148,0.047,0.195,327991
327992,Ground or Treated Mineral and Earth Manufacturing,"kg CO2e/2022 USD, purchaser price",0.375,0.121,0.497,327992
327993,Mineral Wool Manufacturing,"kg CO2e/2022 USD, purchaser price",0.339,0.053,0.393,327993
327999,All Other Miscellaneous Nonmetallic Mineral Product Manufacturing,"kg CO2e/2022 USD, purchaser price",0.719,0.068,0.787,327999
331110,Iron and Steel Mills and Ferroalloy Manufacturing,"kg CO2e/2022 USD, purchaser price",0.769,0.018,0.787,331110
331210,Iron and Steel Pipe and Tube Manufacturing from Purchased Steel,"kg CO2e/2022 USD, purchaser price",0.343,0.017,0.36,331200
331221,Rolled Steel Shape Manufacturing,"kg CO2e/2022 USD, purchaser price",0.343,0.017,0.36,331200
331222,Steel Wire Drawing,"kg CO2e/2022 USD, purchaser price",0.343,0.017,0.36,331200
331313,Alumina Refining and Primary Aluminum Production,"kg CO2e/2022 USD, purchaser price",1.003,0.014,1.018,331313
331315,"Aluminum Sheet, Plate, and Foil Manufacturing","kg CO2e/2022 USD, purchaser price",0.7,0.021,0.721,33131B
331318,"Other Aluminum Rolling, Drawing, and Extruding","kg CO2e/2022 USD, purchaser price",0.7,0.021,0.721,33131B
331410,Nonferrous Metal (except Aluminum) Smelting and Refining,"kg CO2e/2022 USD, purchaser price",0.408,0.016,0.423,331410
331420,"Copper Rolling, Drawing, Extruding, and Alloying","kg CO2e/2022 USD, purchaser price",0.316,0.019,0.334,331420
331491,"Nonferrous Metal (except Copper and Aluminum) Rolling, Drawing, and Extruding","kg CO2e/2022 USD, purchaser price",0.414,0.018,0.431,331490
331492,"Secondary Smelting, Refining, and Alloying of Nonferrous Metal (except Copper and Aluminum)","kg CO2e/2022 USD, purchaser price",0.414,0.018,0.431,331490
331511,Iron Foundries,"kg CO2e/2022 USD, purchaser price",0.349,0.021,0.369,331510
331512,Steel Investment Foundries,"kg CO2e/2022 USD, purchaser price",0.349,0.021,0.369,331510
331513,Steel Foundries (except Investment),"kg CO2e/2022 USD, purchaser price",0.349,0.021,0.369,331510
331523,Nonferrous Metal Die-Casting Foundries,"kg CO2e/2022 USD, purchaser price",0.438,0.025,0.462,331520
331524,Aluminum Foundries (except Die-Casting),"kg CO2e/2022 USD, purchaser price",0.438,0.025,0.462,331520
331529,Other Nonferrous Metal Foundries (except Die-Casting),"kg CO2e/2022 USD, purchaser price",0.438,0.025,0.462,331520
332111,Iron and Steel Forging,"kg CO2e/2022 USD, purchaser price",0.47,0.023,0.493,33211A
332112,Nonferrous Forging,"kg CO2e/2022 USD, purchaser price",0.47,0.023,0.493,33211A
332114,Custom Roll Forming,"kg CO2e/2022 USD, purchaser price",0.349,0.013,0.362,332114
332117,Powder Metallurgy Part Manufacturing,"kg CO2e/2022 USD, purchaser price",0.47,0.023,0.493,33211A
332119,"Metal Crown, Closure, and Other Metal Stamping (except Automotive)","kg CO2e/2022 USD, purchaser price",0.293,0.026,0.319,332119
332215,"Metal Kitchen Cookware, Utensil, Cutlery, and Flatware (except Precious) Manufacturing","kg CO2e/2022 USD, purchaser price",0.174,0.049,0.223,332200
332216,Saw Blade and Handtool Manufacturing,"kg CO2e/2022 USD, purchaser price",0.174,0.049,0.223,332200
332311,Prefabricated Metal Building and Component Manufacturing,"kg CO2e/2022 USD, purchaser price",0.246,0.017,0.262,332310
332312,Fabricated Structural Metal Manufacturing,"kg CO2e/2022 USD, purchaser price",0.246,0.017,0.262,332310
332313,Plate Work Manufacturing,"kg CO2e/2022 USD, purchaser price",0.246,0.017,0.262,332310
332321,Metal Window and Door Manufacturing,"kg CO2e/2022 USD, purchaser price",0.195,0.026,0.221,332320
332322,Sheet Metal Work Manufacturing,"kg CO2e/2022 USD, purchaser price",0.195,0.026,0.221,332320
332323,Ornamental and Architectural Metal Work Manufacturing,"kg CO2e/2022 USD, purchaser price",0.195,0.026,0.221,332320
332410,Power Boiler and Heat Exchanger Manufacturing,"kg CO2e/2022 USD, purchaser price",0.182,0.027,0.209,332410
332420,Metal Tank (Heavy Gauge) Manufacturing,"kg CO2e/2022 USD, purchaser price",0.267,0.012,0.279,332420
332431,Metal Can Manufacturing,"kg CO2e/2022 USD, purchaser price",0.302,0.016,0.318,332430
332439,Other Metal Container Manufacturing,"kg CO2e/2022 USD, purchaser price",0.302,0.016,0.318,332430
332510,Hardware Manufacturing,"kg CO2e/2022 USD, purchaser price",0.157,0.034,0.191,332500
332613,Spring Manufacturing,"kg CO2e/2022 USD, purchaser price",0.219,0.014,0.233,332600
332618,Other Fabricated Wire Product Manufacturing,"kg CO2e/2022 USD, purchaser price",0.219,0.014,0.233,332600
332710,Machine Shops,"kg CO2e/2022 USD, purchaser price",0.262,0.016,0.278,332710
332721,Precision Turned Product Manufacturing,"kg CO2e/2022 USD, purchaser price",0.222,0.026,0.248,332720
332722,"Bolt, Nut, Screw, Rivet, and Washer Manufacturing","kg CO2e/2022 USD, purchaser price",0.222,0.026,0.248,332720
332811,Metal Heat Treating,"kg CO2e/2022 USD, purchaser price",0.368,0.015,0.382,332800
332812,"Metal Coating, Engraving (except Jewelry and Silverware), and Allied Services to Manufacturers","kg CO2e/2022 USD, purchaser price",0.368,0.015,0.382,332800
332813,"Electroplating, Plating, Polishing, Anodizing, and Coloring","kg CO2e/2022 USD, purchaser price",0.368,0.015,0.382,332800
332911,Industrial Valve Manufacturing,"kg CO2e/2022 USD, purchaser price",0.146,0.027,0.173,33291A
332912,Fluid Power Valve and Hose Fitting Manufacturing,"kg CO2e/2022 USD, purchaser price",0.146,0.027,0.173,33291A
332913,Plumbing Fixture Fitting and Trim Manufacturing,"kg CO2e/2022 USD, purchaser price",0.126,0.045,0.171,332913
332919,Other Metal Valve and Pipe Fitting Manufacturing,"kg CO2e/2022 USD, purchaser price",0.146,0.027,0.173,33291A
332991,Ball and Roller Bearing Manufacturing,"kg CO2e/2022 USD, purchaser price",0.179,0.024,0.203,332991
332992,Small Arms Ammunition Manufacturing,"kg CO2e/2022 USD, purchaser price",0.115,0.054,0.168,33299A
332993,Ammunition (except Small Arms) Manufacturing,"kg CO2e/2022 USD, purchaser price",0.115,0.054,0.168,33299A
332994,"Small Arms, Ordnance, and Ordnance Accessories Manufacturing","kg CO2e/2022 USD, purchaser price",0.115,0.054,0.168,33299A
332996,Fabricated Pipe and Pipe Fitting Manufacturing,"kg CO2e/2022 USD, purchaser price",0.212,0.026,0.238,332996
332999,All Other Miscellaneous Fabricated Metal Product Manufacturing,"kg CO2e/2022 USD, purchaser price",0.248,0.024,0.272,332999
333111,Farm Machinery and Equipment Manufacturing,"kg CO2e/2022 USD, purchaser price",0.191,0.029,0.22,333111
333112,Lawn and Garden Tractor and Home Lawn and Garden Equipment Manufacturing,"kg CO2e/2022 USD, purchaser price",0.052,0.068,0.12,333112
333120,Construction Machinery Manufacturing,"kg CO2e/2022 USD, purchaser price",0.201,0.027,0.228,333120
333131,Mining Machinery and Equipment Manufacturing,"kg CO2e/2022 USD, purchaser price",0.175,0.044,0.219,333130
333132,Oil and Gas Field Machinery and Equipment Manufacturing,"kg CO2e/2022 USD, purchaser price",0.175,0.044,0.219,333130
333241,Food Product Machinery Manufacturing,"kg CO2e/2022 USD, purchaser price",0.166,0.019,0.185,33329A
333242,Semiconductor Machinery Manufacturing,"kg CO2e/2022 USD, purchaser price",0.13,0.02,0.15,333242
333243,"Sawmill, Woodworking, and Paper Machinery Manufacturing","kg CO2e/2022 USD, purchaser price",0.166,0.019,0.185,33329A
333244,Printing Machinery and Equipment Manufacturing,"kg CO2e/2022 USD, purchaser price",0.166,0.019,0.185,33329A
333249,Other Industrial Machinery Manufacturing,"kg CO2e/2022 USD, purchaser price",0.166,0.019,0.185,33329A
333314,Optical Instrument and Lens Manufacturing,"kg CO2e/2022 USD, purchaser price",0.152,0.023,0.175,333314
333316,Photographic and Photocopying Equipment Manufacturing,"kg CO2e/2022 USD, purchaser price",0.085,0.05,0.135,333316
333318,Other Commercial and Service Industry Machinery Manufacturing,"kg CO2e/2022 USD, purchaser price",0.171,0.034,0.205,333318
333413,Industrial and Commercial Fan and Blower and Air Purification Equipment Manufacturing,"kg CO2e/2022 USD, purchaser price",0.184,0.025,0.21,333413
333414,Heating Equipment (except Warm Air Furnaces) Manufacturing,"kg CO2e/2022 USD, purchaser price",0.138,0.038,0.176,333414
333415,Air-Conditioning and Warm Air Heating Equipment and Commercial and Industrial Refrigeration Equipment Manufacturing,"kg CO2e/2022 USD, purchaser price",0.156,0.028,0.184,333415
333511,Industrial Mold Manufacturing,"kg CO2e/2022 USD, purchaser price",0.236,0.025,0.262,333511
333514,"Special Die and Tool, Die Set, Jig, and Fixture Manufacturing","kg CO2e/2022 USD, purchaser price",0.184,0.026,0.21,333514
333515,Cutting Tool and Machine Tool Accessory Manufacturing,"kg CO2e/2022 USD, purchaser price",0.184,0.023,0.207,33351B
333517,Machine Tool Manufacturing,"kg CO2e/2022 USD, purchaser price",0.176,0.023,0.199,333517
333519,Rolling Mill and Other Metalworking Machinery Manufacturing,"kg CO2e/2022 USD, purchaser price",0.184,0.023,0.207,33351B
333611,Turbine and Turbine Generator Set Units Manufacturing,"kg CO2e/2022 USD, purchaser price",0.178,0.024,0.201,333611
333612,"Speed Changer, Industrial High-Speed Drive, and Gear Manufacturing","kg CO2e/2022 USD, purchaser price",0.163,0.016,0.179,333612
333613,Mechanical Power Transmission Equipment Manufacturing,"kg CO2e/2022 USD, purchaser price",0.187,0.022,0.209,333613
333618,Other Engine Equipment Manufacturing,"kg CO2e/2022 USD, purchaser price",0.273,0.024,0.297,333618
333912,Air and Gas Compressor Manufacturing,"kg CO2e/2022 USD, purchaser price",0.158,0.02,0.177,333912
333914,"Measuring, Dispensing, and Other Pumping Equipment Manufacturing","kg CO2e/2022 USD, purchaser price",0.223,0,0.223,333914
333921,Elevator and Moving Stairway Manufacturing,"kg CO2e/2022 USD, purchaser price",0.234,0.022,0.256,333920
333922,Conveyor and Conveying Equipment Manufacturing,"kg CO2e/2022 USD, purchaser price",0.234,0.022,0.256,333920
333923,"Overhead Traveling Crane, Hoist, and Monorail System Manufacturing","kg CO2e/2022 USD, purchaser price",0.234,0.022,0.256,333920
333924,"Industrial Truck, Tractor, Trailer, and Stacker Machinery Manufacturing","kg CO2e/2022 USD, purchaser price",0.234,0.022,0.256,333920
333991,Power-Driven Handtool Manufacturing,"kg CO2e/2022 USD, purchaser price",0.083,0.053,0.136,333991
333992,Welding and Soldering Equipment Manufacturing,"kg CO2e/2022 USD, purchaser price",0.228,0.021,0.249,33399A
333993,Packaging Machinery Manufacturing,"kg CO2e/2022 USD, purchaser price",0.113,0.023,0.136,333993
333994,Industrial Process Furnace and Oven Manufacturing,"kg CO2e/2022 USD, purchaser price",0.168,0.022,0.19,333994
333995,Fluid Power Cylinder and Actuator Manufacturing,"kg CO2e/2022 USD, purchaser price",0.182,0.021,0.202,33399B
333996,Fluid Power Pump and Motor Manufacturing,"kg CO2e/2022 USD, purchaser price",0.182,0.021,0.202,33399B
333997,Scale and Balance Manufacturing,"kg CO2e/2022 USD, purchaser price",0.228,0.021,0.249,33399A
333999,All Other Miscellaneous General Purpose Machinery Manufacturing,"kg CO2e/2022 USD, purchaser price",0.228,0.021,0.249,33399A
334111,Electronic Computer Manufacturing,"kg CO2e/2022 USD, purchaser price",0.03,0.028,0.058,334111
334112,Computer Storage Device Manufacturing,"kg CO2e/2022 USD, purchaser price",0.04,0.031,0.071,334112
334118,Computer Terminal and Other Computer Peripheral Equipment Manufacturing,"kg CO2e/2022 USD, purchaser price",0.116,0.027,0.143,334118
334210,Telephone Apparatus Manufacturing,"kg CO2e/2022 USD, purchaser price",0.051,0.045,0.096,334210
334220,Radio and Television Broadcasting and Wireless Communications Equipment Manufacturing,"kg CO2e/2022 USD, purchaser price",0.065,0.047,0.111,334220
334290,Other Communications Equipment Manufacturing,"kg CO2e/2022 USD, purchaser price",0.038,0.042,0.08,334290
334310,Audio and Video Equipment Manufacturing,"kg CO2e/2022 USD, purchaser price",0.043,0.038,0.081,334300
334412,Bare Printed Circuit Board Manufacturing,"kg CO2e/2022 USD, purchaser price",0.08,0.019,0.098,33441A
334413,Semiconductor and Related Device Manufacturing,"kg CO2e/2022 USD, purchaser price",0.188,0.028,0.215,334413
334416,"Capacitor, Resistor, Coil, Transformer, and Other Inductor Manufacturing","kg CO2e/2022 USD, purchaser price",0.08,0.019,0.098,33441A
334417,Electronic Connector Manufacturing,"kg CO2e/2022 USD, purchaser price",0.08,0.019,0.098,33441A
334418,Printed Circuit Assembly (Electronic Assembly) Manufacturing,"kg CO2e/2022 USD, purchaser price",0.068,0.033,0.101,334418
334419,Other Electronic Component Manufacturing,"kg CO2e/2022 USD, purchaser price",0.08,0.019,0.098,33441A
334510,Electromedical and Electrotherapeutic Apparatus Manufacturing,"kg CO2e/2022 USD, purchaser price",0.087,0.048,0.135,334510
334511,"Search, Detection, Navigation, Guidance, Aeronautical, and Nautical System and Instrument Manufacturing","kg CO2e/2022 USD, purchaser price",0.052,0.019,0.071,334511
334512,"Automatic Environmental Control Manufacturing for Residential, Commercial, and Appliance Use","kg CO2e/2022 USD, purchaser price",0.047,0.023,0.07,334512
334513,"Instruments and Related Products Manufacturing for Measuring, Displaying, and Controlling Industrial Process Variables","kg CO2e/2022 USD, purchaser price",0.048,0.015,0.063,334513
334514,Totalizing Fluid Meter and Counting Device Manufacturing,"kg CO2e/2022 USD, purchaser price",0.063,0.021,0.084,334514
334515,Instrument Manufacturing for Measuring and Testing Electricity and Electrical Signals,"kg CO2e/2022 USD, purchaser price",0.055,0.024,0.079,334515
334516,Analytical Laboratory Instrument Manufacturing,"kg CO2e/2022 USD, purchaser price",0.078,0.024,0.102,334516
334517,Irradiation Apparatus Manufacturing,"kg CO2e/2022 USD, purchaser price",0.097,0.038,0.135,334517
334519,Other Measuring and Controlling Device Manufacturing,"kg CO2e/2022 USD, purchaser price",0.044,0.042,0.087,33451A
334613,Blank Magnetic and Optical Recording Media Manufacturing,"kg CO2e/2022 USD, purchaser price",0.043,0.021,0.063,334610
334614,"Software and Other Prerecorded Compact Disc, Tape, and Record Reproducing","kg CO2e/2022 USD, purchaser price",0.043,0.021,0.063,334610
335110,Electric Lamp Bulb and Part Manufacturing,"kg CO2e/2022 USD, purchaser price",0.099,0.074,0.173,335110
335121,Residential Electric Lighting Fixture Manufacturing,"kg CO2e/2022 USD, purchaser price",0.138,0.047,0.185,335120
335122,"Commercial, Industrial, and Institutional Electric Lighting Fixture Manufacturing","kg CO2e/2022 USD, purchaser price",0.138,0.047,0.185,335120
335129,Other Lighting Equipment Manufacturing,"kg CO2e/2022 USD, purchaser price",0.138,0.047,0.185,335120
335210,Small Electrical Appliance Manufacturing,"kg CO2e/2022 USD, purchaser price",0.106,0.051,0.157,335210
335220,Major Household Appliance Manufacturing,"kg CO2e/2022 USD, purchaser price",0.137,0.034,0.172,335220
335311,"Power, Distribution, and Specialty Transformer Manufacturing","kg CO2e/2022 USD, purchaser price",0.118,0.015,0.133,335311
335312,Motor and Generator Manufacturing,"kg CO2e/2022 USD, purchaser price",0.133,0.019,0.152,335312
335313,Switchgear and Switchboard Apparatus Manufacturing,"kg CO2e/2022 USD, purchaser price",0.153,0.021,0.174,335313
335314,Relay and Industrial Control Manufacturing,"kg CO2e/2022 USD, purchaser price",0.12,0.018,0.138,335314
335911,Storage Battery Manufacturing,"kg CO2e/2022 USD, purchaser price",0.311,0.026,0.337,335911
335912,Primary Battery Manufacturing,"kg CO2e/2022 USD, purchaser price",0.046,0.057,0.103,335912
335921,Fiber Optic Cable Manufacturing,"kg CO2e/2022 USD, purchaser price",0.219,0.016,0.235,335920
335929,Other Communication and Energy Wire Manufacturing,"kg CO2e/2022 USD, purchaser price",0.219,0.016,0.235,335920
335931,Current-Carrying Wiring Device Manufacturing,"kg CO2e/2022 USD, purchaser price",0.102,0.026,0.127,335930
335932,Noncurrent-Carrying Wiring Device Manufacturing,"kg CO2e/2022 USD, purchaser price",0.102,0.026,0.127,335930
335991,Carbon and Graphite Product Manufacturing,"kg CO2e/2022 USD, purchaser price",0.347,0.016,0.363,335991
335999,All Other Miscellaneous Electrical Equipment and Component Manufacturing,"kg CO2e/2022 USD, purchaser price",0.112,0.016,0.128,335999
336111,Automobile Manufacturing,"kg CO2e/2022 USD, purchaser price",0.19,0.05,0.24,336111
336112,Light Truck and Utility Vehicle Manufacturing,"kg CO2e/2022 USD, purchaser price",0.241,0.027,0.268,336112
336120,Heavy Duty Truck Manufacturing,"kg CO2e/2022 USD, purchaser price",0.262,0.011,0.272,336120
336211,Motor Vehicle Body Manufacturing,"kg CO2e/2022 USD, purchaser price",0.225,0.028,0.253,336211
336212,Truck Trailer Manufacturing,"kg CO2e/2022 USD, purchaser price",0.185,0.015,0.2,336212
336213,Motor Home Manufacturing,"kg CO2e/2022 USD, purchaser price",0.055,0.052,0.107,336213
336214,Travel Trailer and Camper Manufacturing,"kg CO2e/2022 USD, purchaser price",0.128,0.033,0.16,336214
336310,Motor Vehicle Gasoline Engine and Engine Parts Manufacturing,"kg CO2e/2022 USD, purchaser price",0.23,0.029,0.259,336310
336320,Motor Vehicle Electrical and Electronic Equipment Manufacturing,"kg CO2e/2022 USD, purchaser price",0.191,0.027,0.218,336320
336330,Motor Vehicle Steering and Suspension Components (except Spring) Manufacturing,"kg CO2e/2022 USD, purchaser price",0.25,0.028,0.278,3363A0
336340,Motor Vehicle Brake System Manufacturing,"kg CO2e/2022 USD, purchaser price",0.25,0.028,0.278,3363A0
336350,Motor Vehicle Transmission and Power Train Parts Manufacturing,"kg CO2e/2022 USD, purchaser price",0.226,0.027,0.252,336350
336360,Motor Vehicle Seating and Interior Trim Manufacturing,"kg CO2e/2022 USD, purchaser price",0.315,0.018,0.333,336360
336370,Motor Vehicle Metal Stamping,"kg CO2e/2022 USD, purchaser price",0.482,0.02,0.503,336370
336390,Other Motor Vehicle Parts Manufacturing,"kg CO2e/2022 USD, purchaser price",0.242,0.024,0.265,336390
336411,Aircraft Manufacturing,"kg CO2e/2022 USD, purchaser price",0.131,0.009,0.139,336411
336412,Aircraft Engine and Engine Parts Manufacturing,"kg CO2e/2022 USD, purchaser price",0.151,0.005,0.156,336412
336413,Other Aircraft Parts and Auxiliary Equipment Manufacturing,"kg CO2e/2022 USD, purchaser price",0.163,0.007,0.17,336413
336414,Guided Missile and Space Vehicle Manufacturing,"kg CO2e/2022 USD, purchaser price",0.133,0.009,0.142,336414
336415,Guided Missile and Space Vehicle Propulsion Unit and Propulsion Unit Parts Manufacturing,"kg CO2e/2022 USD, purchaser price",0.286,0.007,0.294,33641A
336419,Other Guided Missile and Space Vehicle Parts and Auxiliary Equipment Manufacturing,"kg CO2e/2022 USD, purchaser price",0.286,0.007,0.294,33641A
336510,Railroad Rolling Stock Manufacturing,"kg CO2e/2022 USD, purchaser price",0.413,0.031,0.444,336500
336611,Ship Building and Repairing,"kg CO2e/2022 USD, purchaser price",0.187,0.008,0.196,336611
336612,Boat Building,"kg CO2e/2022 USD, purchaser price",0.15,0.032,0.182,336612
336991,"Motorcycle, Bicycle, and Parts Manufacturing","kg CO2e/2022 USD, purchaser price",0.178,0.044,0.222,336991
336992,"Military Armored Vehicle, Tank, and Tank Component Manufacturing","kg CO2e/2022 USD, purchaser price",0.431,0.012,0.443,336992
336999,All Other Transportation Equipment Manufacturing,"kg CO2e/2022 USD, purchaser price",0.157,0.038,0.195,336999
337110,Wood Kitchen Cabinet and Countertop Manufacturing,"kg CO2e/2022 USD, purchaser price",0.114,0.053,0.166,337110
337121,Upholstered Household Furniture Manufacturing,"kg CO2e/2022 USD, purchaser price",0.133,0.055,0.188,337121
337122,Nonupholstered Wood Household Furniture Manufacturing,"kg CO2e/2022 USD, purchaser price",0.121,0.057,0.178,337122
337124,Metal Household Furniture Manufacturing,"kg CO2e/2022 USD, purchaser price",0.168,0.059,0.227,33712N
337125,Household Furniture (except Wood and Metal) Manufacturing,"kg CO2e/2022 USD, purchaser price",0.168,0.059,0.227,33712N
337127,Institutional Furniture Manufacturing,"kg CO2e/2022 USD, purchaser price",0.208,0.038,0.246,337127
337211,Wood Office Furniture Manufacturing,"kg CO2e/2022 USD, purchaser price",0.184,0.056,0.24,33721A
337212,Custom Architectural Woodwork and Millwork Manufacturing,"kg CO2e/2022 USD, purchaser price",0.184,0.056,0.24,33721A
337214,Office Furniture (except Wood) Manufacturing,"kg CO2e/2022 USD, purchaser price",0.184,0.056,0.24,33721A
337215,"Showcase, Partition, Shelving, and Locker Manufacturing","kg CO2e/2022 USD, purchaser price",0.206,0.04,0.246,337215
337910,Mattress Manufacturing,"kg CO2e/2022 USD, purchaser price",0.11,0.063,0.173,337900
337920,Blind and Shade Manufacturing,"kg CO2e/2022 USD, purchaser price",0.11,0.063,0.173,337900
339112,Surgical and Medical Instrument Manufacturing,"kg CO2e/2022 USD, purchaser price",0.119,0.037,0.156,339112
339113,Surgical Appliance and Supplies Manufacturing,"kg CO2e/2022 USD, purchaser price",0.096,0.045,0.14,339113
339114,Dental Equipment and Supplies Manufacturing,"kg CO2e/2022 USD, purchaser price",0.143,0.03,0.174,339114
339115,Ophthalmic Goods Manufacturing,"kg CO2e/2022 USD, purchaser price",0.086,0.052,0.138,339115
339116,Dental Laboratories,"kg CO2e/2022 USD, purchaser price",0.083,0.034,0.117,339116
339910,Jewelry and Silverware Manufacturing,"kg CO2e/2022 USD, purchaser price",0.055,0.053,0.108,339910
339920,Sporting and Athletic Goods Manufacturing,"kg CO2e/2022 USD, purchaser price",0.104,0.064,0.167,339920
339930,"Doll, Toy, and Game Manufacturing","kg CO2e/2022 USD, purchaser price",0.085,0.061,0.146,339930
339940,Office Supplies (except Paper) Manufacturing,"kg CO2e/2022 USD, purchaser price",0.204,0.061,0.265,339940
339950,Sign Manufacturing,"kg CO2e/2022 USD, purchaser price",0.187,0.063,0.25,339950
339991,"Gasket, Packing, and Sealing Device Manufacturing","kg CO2e/2022 USD, purchaser price",0.121,0.061,0.182,339990
339992,Musical Instrument Manufacturing,"kg CO2e/2022 USD, purchaser price",0.121,0.061,0.182,339990
339993,"Fastener, Button, Needle, and Pin Manufacturing","kg CO2e/2022 USD, purchaser price",0.121,0.061,0.182,339990
339994,"Broom, Brush, and Mop Manufacturing","kg CO2e/2022 USD, purchaser price",0.121,0.061,0.182,339990
339995,Burial Casket Manufacturing,"kg CO2e/2022 USD, purchaser price",0.121,0.061,0.182,339990
339999,All Other Miscellaneous Manufacturing,"kg CO2e/2022 USD, purchaser price",0.121,0.061,0.182,339990
423110,Automobile and Other Motor Vehicle Merchant Wholesalers,"kg CO2e/2022 USD, purchaser price",0.115,0,0.115,423100
423120,Motor Vehicle Supplies and New Parts Merchant Wholesalers,"kg CO2e/2022 USD, purchaser price",0.115,0,0.115,423100
423130,Tire and Tube Merchant Wholesalers,"kg CO2e/2022 USD, purchaser price",0.115,0,0.115,423100
423140,Motor Vehicle Parts (Used) Merchant Wholesalers,"kg CO2e/2022 USD, purchaser price",0.115,0,0.115,423100
423210,Furniture Merchant Wholesalers,"kg CO2e/2022 USD, purchaser price",0.108,0,0.108,423A00
423220,Home Furnishing Merchant Wholesalers,"kg CO2e/2022 USD, purchaser price",0.108,0,0.108,423A00
423310,"Lumber, Plywood, Millwork, and Wood Panel Merchant Wholesalers","kg CO2e/2022 USD, purchaser price",0.108,0,0.108,423A00
423320,"Brick, Stone, and Related Construction Material Merchant Wholesalers","kg CO2e/2022 USD, purchaser price",0.108,0,0.108,423A00
423330,"Roofing, Siding, and Insulation Material Merchant Wholesalers","kg CO2e/2022 USD, purchaser price",0.108,0,0.108,423A00
423390,Other Construction Material Merchant Wholesalers,"kg CO2e/2022 USD, purchaser price",0.108,0,0.108,423A00
423410,Photographic Equipment and Supplies Merchant Wholesalers,"kg CO2e/2022 USD, purchaser price",0.074,0,0.074,423400
423420,Office Equipment Merchant Wholesalers,"kg CO2e/2022 USD, purchaser price",0.074,0,0.074,423400
423430,Computer and Computer Peripheral Equipment and Software Merchant Wholesalers,"kg CO2e/2022 USD, purchaser price",0.074,0,0.074,423400
423440,Other Commercial Equipment Merchant Wholesalers,"kg CO2e/2022 USD, purchaser price",0.074,0,0.074,423400
423450,"Medical, Dental, and Hospital Equipment and Supplies Merchant Wholesalers","kg CO2e/2022 USD, purchaser price",0.074,0,0.074,423400
423460,Ophthalmic Goods Merchant Wholesalers,"kg CO2e/2022 USD, purchaser price",0.074,0,0.074,423400
423490,Other Professional Equipment and Supplies Merchant Wholesalers,"kg CO2e/2022 USD, purchaser price",0.074,0,0.074,423400
423510,Metal Service Centers and Other Metal Merchant Wholesalers,"kg CO2e/2022 USD, purchaser price",0.108,0,0.108,423A00
423520,Coal and Other Mineral and Ore Merchant Wholesalers,"kg CO2e/2022 USD, purchaser price",0.108,0,0.108,423A00
423610,"Electrical Apparatus and Equipment, Wiring Supplies, and Related Equipment Merchant Wholesalers","kg CO2e/2022 USD, purchaser price",0.083,0,0.083,423600
423620,"Household Appliances, Electric Housewares, and Consumer Electronics Merchant Wholesalers","kg CO2e/2022 USD, purchaser price",0.083,0,0.083,423600
423690,Other Electronic Parts and Equipment Merchant Wholesalers,"kg CO2e/2022 USD, purchaser price",0.083,0,0.083,423600
423710,Hardware Merchant Wholesalers,"kg CO2e/2022 USD, purchaser price",0.108,0,0.108,423A00
423720,Plumbing and Heating Equipment and Supplies (Hydronics) Merchant Wholesalers,"kg CO2e/2022 USD, purchaser price",0.108,0,0.108,423A00
423730,Warm Air Heating and Air-Conditioning Equipment and Supplies Merchant Wholesalers,"kg CO2e/2022 USD, purchaser price",0.108,0,0.108,423A00
423740,Refrigeration Equipment and Supplies Merchant Wholesalers,"kg CO2e/2022 USD, purchaser price",0.108,0,0.108,423A00
423810,Construction and Mining (except Oil Well) Machinery and Equipment Merchant Wholesalers,"kg CO2e/2022 USD, purchaser price",0.115,0,0.115,423800
423820,Farm and Garden Machinery and Equipment Merchant Wholesalers,"kg CO2e/2022 USD, purchaser price",0.115,0,0.115,423800
423830,Industrial Machinery and Equipment Merchant Wholesalers,"kg CO2e/2022 USD, purchaser price",0.115,0,0.115,423800
423840,Industrial Supplies Merchant Wholesalers,"kg CO2e/2022 USD, purchaser price",0.115,0,0.115,423800
423850,Service Establishment Equipment and Supplies Merchant Wholesalers,"kg CO2e/2022 USD, purchaser price",0.115,0,0.115,423800
423860,Transportation Equipment and Supplies (except Motor Vehicle) Merchant Wholesalers,"kg CO2e/2022 USD, purchaser price",0.115,0,0.115,423800
423910,Sporting and Recreational Goods and Supplies Merchant Wholesalers,"kg CO2e/2022 USD, purchaser price",0.108,0,0.108,423A00
423920,Toy and Hobby Goods and Supplies Merchant Wholesalers,"kg CO2e/2022 USD, purchaser price",0.108,0,0.108,423A00
423930,Recyclable Material Merchant Wholesalers,"kg CO2e/2022 USD, purchaser price",0.108,0,0.108,423A00
423940,"Jewelry, Watch, Precious Stone, and Precious Metal Merchant Wholesalers","kg CO2e/2022 USD, purchaser price",0.108,0,0.108,423A00
423990,Other Miscellaneous Durable Goods Merchant Wholesalers,"kg CO2e/2022 USD, purchaser price",0.108,0,0.108,423A00
424110,Printing and Writing Paper Merchant Wholesalers,"kg CO2e/2022 USD, purchaser price",0.144,0,0.144,424A00
424120,Stationery and Office Supplies Merchant Wholesalers,"kg CO2e/2022 USD, purchaser price",0.144,0,0.144,424A00
424130,Industrial and Personal Service Paper Merchant Wholesalers,"kg CO2e/2022 USD, purchaser price",0.144,0,0.144,424A00
424210,Drugs and Druggists' Sundries Merchant Wholesalers,"kg CO2e/2022 USD, purchaser price",0.095,0,0.095,424200
424310,"Piece Goods, Notions, and Other Dry Goods Merchant Wholesalers","kg CO2e/2022 USD, purchaser price",0.144,0,0.144,424A00
424320,Men's and Boys' Clothing and Furnishings Merchant Wholesalers,"kg CO2e/2022 USD, purchaser price",0.144,0,0.144,424A00
424330,"Women's, Children's, and Infants' Clothing and Accessories Merchant Wholesalers","kg CO2e/2022 USD, purchaser price",0.144,0,0.144,424A00
424340,Footwear Merchant Wholesalers,"kg CO2e/2022 USD, purchaser price",0.144,0,0.144,424A00
424410,General Line Grocery Merchant Wholesalers,"kg CO2e/2022 USD, purchaser price",0.159,0,0.159,424400
424420,Packaged Frozen Food Merchant Wholesalers,"kg CO2e/2022 USD, purchaser price",0.159,0,0.159,424400
424430,Dairy Product (except Dried or Canned) Merchant Wholesalers,"kg CO2e/2022 USD, purchaser price",0.159,0,0.159,424400
424440,Poultry and Poultry Product Merchant Wholesalers,"kg CO2e/2022 USD, purchaser price",0.159,0,0.159,424400
424450,Confectionery Merchant Wholesalers,"kg CO2e/2022 USD, purchaser price",0.159,0,0.159,424400
424460,Fish and Seafood Merchant Wholesalers,"kg CO2e/2022 USD, purchaser price",0.159,0,0.159,424400
424470,Meat and Meat Product Merchant Wholesalers,"kg CO2e/2022 USD, purchaser price",0.159,0,0.159,424400
424480,Fresh Fruit and Vegetable Merchant Wholesalers,"kg CO2e/2022 USD, purchaser price",0.159,0,0.159,424400
424490,Other Grocery and Related Products Merchant Wholesalers,"kg CO2e/2022 USD, purchaser price",0.159,0,0.159,424400
424510,Grain and Field Bean Merchant Wholesalers,"kg CO2e/2022 USD, purchaser price",0.144,0,0.144,424A00
424520,Livestock Merchant Wholesalers,"kg CO2e/2022 USD, purchaser price",0.144,0,0.144,424A00
424590,Other Farm Product Raw Material Merchant Wholesalers,"kg CO2e/2022 USD, purchaser price",0.144,0,0.144,424A00
424610,Plastics Materials and Basic Forms and Shapes Merchant Wholesalers,"kg CO2e/2022 USD, purchaser price",0.144,0,0.144,424A00
424690,Other Chemical and Allied Products Merchant Wholesalers,"kg CO2e/2022 USD, purchaser price",0.144,0,0.144,424A00
424710,Petroleum Bulk Stations and Terminals,"kg CO2e/2022 USD, purchaser price",0.102,0,0.102,424700
424720,Petroleum and Petroleum Products Merchant Wholesalers (except Bulk Stations and Terminals),"kg CO2e/2022 USD, purchaser price",0.102,0,0.102,424700
424810,Beer and Ale Merchant Wholesalers,"kg CO2e/2022 USD, purchaser price",0.144,0,0.144,424A00
424820,Wine and Distilled Alcoholic Beverage Merchant Wholesalers,"kg CO2e/2022 USD, purchaser price",0.144,0,0.144,424A00
424910,Farm Supplies Merchant Wholesalers,"kg CO2e/2022 USD, purchaser price",0.144,0,0.144,424A00
424920,"Book, Periodical, and Newspaper Merchant Wholesalers","kg CO2e/2022 USD, purchaser price",0.144,0,0.144,424A00
424930,"Flower, Nursery Stock, and Florists' Supplies Merchant Wholesalers","kg CO2e/2022 USD, purchaser price",0.144,0,0.144,424A00
424940,Tobacco and Tobacco Product Merchant Wholesalers,"kg CO2e/2022 USD, purchaser price",0.144,0,0.144,424A00
424950,"Paint, Varnish, and Supplies Merchant Wholesalers","kg CO2e/2022 USD, purchaser price",0.144,0,0.144,424A00
424990,Other Miscellaneous Nondurable Goods Merchant Wholesalers,"kg CO2e/2022 USD, purchaser price",0.144,0,0.144,424A00
425110,Business to Business Electronic Markets,"kg CO2e/2022 USD, purchaser price",0.092,0,0.092,425000
425120,Wholesale Trade Agents and Brokers,"kg CO2e/2022 USD, purchaser price",0.092,0,0.092,425000
441110,New Car Dealers,"kg CO2e/2022 USD, purchaser price",0.073,0,0.073,441000
441120,Used Car Dealers,"kg CO2e/2022 USD, purchaser price",0.073,0,0.073,441000
441210,Recreational Vehicle Dealers,"kg CO2e/2022 USD, purchaser price",0.073,0,0.073,441000
441222,Boat Dealers,"kg CO2e/2022 USD, purchaser price",0.073,0,0.073,441000
441228,"Motorcycle, ATV, and All Other Motor Vehicle Dealers","kg CO2e/2022 USD, purchaser price",0.073,0,0.073,441000
441310,Automotive Parts and Accessories Stores,"kg CO2e/2022 USD, purchaser price",0.073,0,0.073,441000
441320,Tire Dealers,"kg CO2e/2022 USD, purchaser price",0.073,0,0.073,441000
442110,Furniture Stores,"kg CO2e/2022 USD, purchaser price",0.111,0,0.111,4B0000
442210,Floor Covering Stores,"kg CO2e/2022 USD, purchaser price",0.111,0,0.111,4B0000
442291,Window Treatment Stores,"kg CO2e/2022 USD, purchaser price",0.111,0,0.111,4B0000
442299,All Other Home Furnishings Stores,"kg CO2e/2022 USD, purchaser price",0.111,0,0.111,4B0000
443141,Household Appliance Stores,"kg CO2e/2022 USD, purchaser price",0.111,0,0.111,4B0000
443142,Electronics Stores,"kg CO2e/2022 USD, purchaser price",0.111,0,0.111,4B0000
444110,Home Centers,"kg CO2e/2022 USD, purchaser price",0.087,0,0.087,444000
444120,Paint and Wallpaper Stores,"kg CO2e/2022 USD, purchaser price",0.087,0,0.087,444000
444130,Hardware Stores,"kg CO2e/2022 USD, purchaser price",0.087,0,0.087,444000
444190,Other Building Material Dealers,"kg CO2e/2022 USD, purchaser price",0.087,0,0.087,444000
444210,Outdoor Power Equipment Stores,"kg CO2e/2022 USD, purchaser price",0.087,0,0.087,444000
444220,"Nursery, Garden Center, and Farm Supply Stores","kg CO2e/2022 USD, purchaser price",0.087,0,0.087,444000
445110,Supermarkets and Other Grocery (except Convenience) Stores,"kg CO2e/2022 USD, purchaser price",0.186,0,0.186,445000
445120,Convenience Stores,"kg CO2e/2022 USD, purchaser price",0.186,0,0.186,445000
445210,Meat Markets,"kg CO2e/2022 USD, purchaser price",0.186,0,0.186,445000
445220,Fish and Seafood Markets,"kg CO2e/2022 USD, purchaser price",0.186,0,0.186,445000
445230,Fruit and Vegetable Markets,"kg CO2e/2022 USD, purchaser price",0.186,0,0.186,445000
445291,Baked Goods Stores,"kg CO2e/2022 USD, purchaser price",0.186,0,0.186,445000
445292,Confectionery and Nut Stores,"kg CO2e/2022 USD, purchaser price",0.186,0,0.186,445000
445299,All Other Specialty Food Stores,"kg CO2e/2022 USD, purchaser price",0.186,0,0.186,445000
445310,"Beer, Wine, and Liquor Stores","kg CO2e/2022 USD, purchaser price",0.186,0,0.186,445000
446110,Pharmacies and Drug Stores,"kg CO2e/2022 USD, purchaser price",0.13,0,0.13,446000
446120,"Cosmetics, Beauty Supplies, and Perfume Stores","kg CO2e/2022 USD, purchaser price",0.13,0,0.13,446000
446130,Optical Goods Stores,"kg CO2e/2022 USD, purchaser price",0.13,0,0.13,446000
446191,Food (Health) Supplement Stores,"kg CO2e/2022 USD, purchaser price",0.13,0,0.13,446000
446199,All Other Health and Personal Care Stores,"kg CO2e/2022 USD, purchaser price",0.13,0,0.13,446000
447110,Gasoline Stations with Convenience Stores,"kg CO2e/2022 USD, purchaser price",0.183,0,0.183,447000
447190,Other Gasoline Stations,"kg CO2e/2022 USD, purchaser price",0.183,0,0.183,447000
448110,Men's Clothing Stores,"kg CO2e/2022 USD, purchaser price",0.138,0,0.138,448000
448120,Women's Clothing Stores,"kg CO2e/2022 USD, purchaser price",0.138,0,0.138,448000
448130,Children's and Infants' Clothing Stores,"kg CO2e/2022 USD, purchaser price",0.138,0,0.138,448000
448140,Family Clothing Stores,"kg CO2e/2022 USD, purchaser price",0.138,0,0.138,448000
448150,Clothing Accessories Stores,"kg CO2e/2022 USD, purchaser price",0.138,0,0.138,448000
448190,Other Clothing Stores,"kg CO2e/2022 USD, purchaser price",0.138,0,0.138,448000
448210,Shoe Stores,"kg CO2e/2022 USD, purchaser price",0.138,0,0.138,448000
448310,Jewelry Stores,"kg CO2e/2022 USD, purchaser price",0.138,0,0.138,448000
448320,Luggage and Leather Goods Stores,"kg CO2e/2022 USD, purchaser price",0.138,0,0.138,448000
451110,Sporting Goods Stores,"kg CO2e/2022 USD, purchaser price",0.111,0,0.111,4B0000
451120,"Hobby, Toy, and Game Stores","kg CO2e/2022 USD, purchaser price",0.111,0,0.111,4B0000
451130,"Sewing, Needlework, and Piece Goods Stores","kg CO2e/2022 USD, purchaser price",0.111,0,0.111,4B0000
451140,Musical Instrument and Supplies Stores,"kg CO2e/2022 USD, purchaser price",0.111,0,0.111,4B0000
451211,Book Stores,"kg CO2e/2022 USD, purchaser price",0.111,0,0.111,4B0000
451212,News Dealers and Newsstands,"kg CO2e/2022 USD, purchaser price",0.111,0,0.111,4B0000
452210,Department Stores,"kg CO2e/2022 USD, purchaser price",0.164,0,0.164,452000
452311,Warehouse Clubs and Supercenters,"kg CO2e/2022 USD, purchaser price",0.164,0,0.164,452000
452319,All Other General Merchandise Stores,"kg CO2e/2022 USD, purchaser price",0.164,0,0.164,452000
453110,Florists,"kg CO2e/2022 USD, purchaser price",0.111,0,0.111,4B0000
453210,Office Supplies and Stationery Stores,"kg CO2e/2022 USD, purchaser price",0.111,0,0.111,4B0000
453220,"Gift, Novelty, and Souvenir Stores","kg CO2e/2022 USD, purchaser price",0.111,0,0.111,4B0000
453310,Used Merchandise Stores,"kg CO2e/2022 USD, purchaser price",0.111,0,0.111,4B0000
453910,Pet and Pet Supplies Stores,"kg CO2e/2022 USD, purchaser price",0.111,0,0.111,4B0000
453920,Art Dealers,"kg CO2e/2022 USD, purchaser price",0.111,0,0.111,4B0000
453930,Manufactured (Mobile) Home Dealers,"kg CO2e/2022 USD, purchaser price",0.111,0,0.111,4B0000
453991,Tobacco Stores,"kg CO2e/2022 USD, purchaser price",0.111,0,0.111,4B0000
453998,All Other Miscellaneous Store Retailers (except Tobacco Stores),"kg CO2e/2022 USD, purchaser price",0.111,0,0.111,4B0000
454110,Electronic Shopping and Mail-Order Houses,"kg CO2e/2022 USD, purchaser price",0.094,0,0.094,454000
454210,Vending Machine Operators,"kg CO2e/2022 USD, purchaser price",0.094,0,0.094,454000
454310,Fuel Dealers,"kg CO2e/2022 USD, purchaser price",0.094,0,0.094,454000
454390,Other Direct Selling Establishments,"kg CO2e/2022 USD, purchaser price",0.094,0,0.094,454000
481111,Scheduled Passenger Air Transportation,"kg CO2e/2022 USD, purchaser price",0.644,0,0.644,481000
481112,Scheduled Freight Air Transportation,"kg CO2e/2022 USD, purchaser price",0.644,0,0.644,481000
481211,Nonscheduled Chartered Passenger Air Transportation,"kg CO2e/2022 USD, purchaser price",0.644,0,0.644,481000
481212,Nonscheduled Chartered Freight Air Transportation,"kg CO2e/2022 USD, purchaser price",0.644,0,0.644,481000
481219,Other Nonscheduled Air Transportation,"kg CO2e/2022 USD, purchaser price",0.644,0,0.644,481000
482111,Line-Haul Railroads,"kg CO2e/2022 USD, purchaser price",0.466,0,0.466,482000
482112,Short Line Railroads,"kg CO2e/2022 USD, purchaser price",0.466,0,0.466,482000
483111,Deep Sea Freight Transportation,"kg CO2e/2022 USD, purchaser price",0.816,0,0.816,483000
483112,Deep Sea Passenger Transportation,"kg CO2e/2022 USD, purchaser price",0.816,0,0.816,483000
483113,Coastal and Great Lakes Freight Transportation,"kg CO2e/2022 USD, purchaser price",0.816,0,0.816,483000
483114,Coastal and Great Lakes Passenger Transportation,"kg CO2e/2022 USD, purchaser price",0.816,0,0.816,483000
483211,Inland Water Freight Transportation,"kg CO2e/2022 USD, purchaser price",0.816,0,0.816,483000
483212,Inland Water Passenger Transportation,"kg CO2e/2022 USD, purchaser price",0.816,0,0.816,483000
484110,"General Freight Trucking, Local","kg CO2e/2022 USD, purchaser price",0.595,0,0.595,484000
484121,"General Freight Trucking, Long-Distance, Truckload","kg CO2e/2022 USD, purchaser price",0.595,0,0.595,484000
484122,"General Freight Trucking, Long-Distance, Less Than Truckload","kg CO2e/2022 USD, purchaser price",0.595,0,0.595,484000
484210,Used Household and Office Goods Moving,"kg CO2e/2022 USD, purchaser price",0.595,0,0.595,484000
484220,"Specialized Freight (except Used Goods) Trucking, Local","kg CO2e/2022 USD, purchaser price",0.595,0,0.595,484000
484230,"Specialized Freight (except Used Goods) Trucking, Long-Distance","kg CO2e/2022 USD, purchaser price",0.595,0,0.595,484000
485111,Mixed Mode Transit Systems,"kg CO2e/2022 USD, purchaser price",0.566,0,0.566,485000
485112,Commuter Rail Systems,"kg CO2e/2022 USD, purchaser price",0.566,0,0.566,485000
485113,Bus and Other Motor Vehicle Transit Systems,"kg CO2e/2022 USD, purchaser price",0.566,0,0.566,485000
485119,Other Urban Transit Systems,"kg CO2e/2022 USD, purchaser price",0.566,0,0.566,485000
485210,Interurban and Rural Bus Transportation,"kg CO2e/2022 USD, purchaser price",0.566,0,0.566,485000
485310,Taxi Service,"kg CO2e/2022 USD, purchaser price",0.566,0,0.566,485000
485320,Limousine Service,"kg CO2e/2022 USD, purchaser price",0.566,0,0.566,485000
485410,School and Employee Bus Transportation,"kg CO2e/2022 USD, purchaser price",0.566,0,0.566,485000
485510,Charter Bus Industry,"kg CO2e/2022 USD, purchaser price",0.566,0,0.566,485000
485991,Special Needs Transportation,"kg CO2e/2022 USD, purchaser price",0.566,0,0.566,485000
485999,All Other Transit and Ground Passenger Transportation,"kg CO2e/2022 USD, purchaser price",0.566,0,0.566,485000
486110,Pipeline Transportation of Crude Oil,"kg CO2e/2022 USD, purchaser price",1.619,0,1.619,486000
486210,Pipeline Transportation of Natural Gas,"kg CO2e/2022 USD, purchaser price",1.619,0,1.619,486000
486910,Pipeline Transportation of Refined Petroleum Products,"kg CO2e/2022 USD, purchaser price",1.619,0,1.619,486000
486990,All Other Pipeline Transportation,"kg CO2e/2022 USD, purchaser price",1.619,0,1.619,486000
487110,"Scenic and Sightseeing Transportation, Land","kg CO2e/2022 USD, purchaser price",0.162,0,0.162,48A000
487210,"Scenic and Sightseeing Transportation, Water","kg CO2e/2022 USD, purchaser price",0.162,0,0.162,48A000
487990,"Scenic and Sightseeing Transportation, Other","kg CO2e/2022 USD, purchaser price",0.162,0,0.162,48A000
488111,Air Traffic Control,"kg CO2e/2022 USD, purchaser price",0.162,0,0.162,48A000
488119,Other Airport Operations,"kg CO2e/2022 USD, purchaser price",0.162,0,0.162,48A000
488190,Other Support Activities for Air Transportation,"kg CO2e/2022 USD, purchaser price",0.162,0,0.162,48A000
488210,Support Activities for Rail Transportation,"kg CO2e/2022 USD, purchaser price",0.162,0,0.162,48A000
488310,Port and Harbor Operations,"kg CO2e/2022 USD, purchaser price",0.162,0,0.162,48A000
488320,Marine Cargo Handling,"kg CO2e/2022 USD, purchaser price",0.162,0,0.162,48A000
488330,Navigational Services to Shipping,"kg CO2e/2022 USD, purchaser price",0.162,0,0.162,48A000
488390,Other Support Activities for Water Transportation,"kg CO2e/2022 USD, purchaser price",0.162,0,0.162,48A000
488410,Motor Vehicle Towing,"kg CO2e/2022 USD, purchaser price",0.162,0,0.162,48A000
488490,Other Support Activities for Road Transportation,"kg CO2e/2022 USD, purchaser price",0.162,0,0.162,48A000
488510,Freight Transportation Arrangement,"kg CO2e/2022 USD, purchaser price",0.162,0,0.162,48A000
488991,Packing and Crating,"kg CO2e/2022 USD, purchaser price",0.162,0,0.162,48A000
488999,All Other Support Activities for Transportation,"kg CO2e/2022 USD, purchaser price",0.162,0,0.162,48A000
491110,Postal Service,"kg CO2e/2022 USD, purchaser price",0.074,0,0.074,491000
492110,Couriers and Express Delivery Services,"kg CO2e/2022 USD, purchaser price",0.303,0,0.303,492000
492210,Local Messengers and Local Delivery,"kg CO2e/2022 USD, purchaser price",0.303,0,0.303,492000
493110,General Warehousing and Storage,"kg CO2e/2022 USD, purchaser price",0.244,0,0.244,493000
493120,Refrigerated Warehousing and Storage,"kg CO2e/2022 USD, purchaser price",0.244,0,0.244,493000
493130,Farm Product Warehousing and Storage,"kg CO2e/2022 USD, purchaser price",0.244,0,0.244,493000
493190,Other Warehousing and Storage,"kg CO2e/2022 USD, purchaser price",0.244,0,0.244,493000
511110,Newspaper Publishers,"kg CO2e/2022 USD, purchaser price",0.043,0.039,0.082,511110
511120,Periodical Publishers,"kg CO2e/2022 USD, purchaser price",0.059,0.043,0.103,511120
511130,Book Publishers,"kg CO2e/2022 USD, purchaser price",0.072,0.035,0.107,511130
511140,Directory and Mailing List Publishers,"kg CO2e/2022 USD, purchaser price",0.053,0.055,0.108,5111A0
511191,Greeting Card Publishers,"kg CO2e/2022 USD, purchaser price",0.053,0.055,0.108,5111A0
511199,All Other Publishers,"kg CO2e/2022 USD, purchaser price",0.053,0.055,0.108,5111A0
511210,Software Publishers,"kg CO2e/2022 USD, purchaser price",0.036,0.045,0.08,511200
512110,Motion Picture and Video Production,"kg CO2e/2022 USD, purchaser price",0.047,0.005,0.052,512100
512120,Motion Picture and Video Distribution,"kg CO2e/2022 USD, purchaser price",0.047,0.005,0.052,512100
512131,Motion Picture Theaters (except Drive-Ins),"kg CO2e/2022 USD, purchaser price",0.047,0.005,0.052,512100
512132,Drive-In Motion Picture Theaters,"kg CO2e/2022 USD, purchaser price",0.047,0.005,0.052,512100
512191,Teleproduction and Other Postproduction Services,"kg CO2e/2022 USD, purchaser price",0.047,0.005,0.052,512100
512199,Other Motion Picture and Video Industries,"kg CO2e/2022 USD, purchaser price",0.047,0.005,0.052,512100
512230,Music Publishers,"kg CO2e/2022 USD, purchaser price",0.026,0.018,0.044,512200
512240,Sound Recording Studios,"kg CO2e/2022 USD, purchaser price",0.026,0.018,0.044,512200
512250,Record Production and Distribution,"kg CO2e/2022 USD, purchaser price",0.026,0.018,0.044,512200
512290,Other Sound Recording Industries,"kg CO2e/2022 USD, purchaser price",0.026,0.018,0.044,512200
515111,Radio Networks,"kg CO2e/2022 USD, purchaser price",0.079,0,0.079,515100
515112,Radio Stations,"kg CO2e/2022 USD, purchaser price",0.079,0,0.079,515100
515120,Television Broadcasting,"kg CO2e/2022 USD, purchaser price",0.079,0,0.079,515100
515210,Cable and Other Subscription Programming,"kg CO2e/2022 USD, purchaser price",0.094,0,0.094,515200
517311,Wired Telecommunications Carriers,"kg CO2e/2022 USD, purchaser price",0.075,0,0.075,517110
517312,Wireless Telecommunications Carriers (except Satellite),"kg CO2e/2022 USD, purchaser price",0.096,0,0.096,517210
517410,Satellite Telecommunications,"kg CO2e/2022 USD, purchaser price",0.078,0,0.078,517A00
517911,Telecommunications Resellers,"kg CO2e/2022 USD, purchaser price",0.078,0,0.078,517A00
517919,All Other Telecommunications,"kg CO2e/2022 USD, purchaser price",0.078,0,0.078,517A00
518210,"Data Processing, Hosting, and Related Services","kg CO2e/2022 USD, purchaser price",0.093,0,0.093,518200
519110,News Syndicates,"kg CO2e/2022 USD, purchaser price",0.064,0,0.064,5191A0
519120,Libraries and Archives,"kg CO2e/2022 USD, purchaser price",0.064,0,0.064,5191A0
519130,Internet Publishing and Broadcasting and Web Search Portals,"kg CO2e/2022 USD, purchaser price",0.067,0,0.067,519130
519190,All Other Information Services,"kg CO2e/2022 USD, purchaser price",0.064,0,0.064,5191A0
521110,Monetary Authorities-Central Bank,"kg CO2e/2022 USD, purchaser price",0.059,0,0.059,52A000
522110,Commercial Banking,"kg CO2e/2022 USD, purchaser price",0.059,0,0.059,52A000
522120,Savings Institutions,"kg CO2e/2022 USD, purchaser price",0.059,0,0.059,52A000
522130,Credit Unions,"kg CO2e/2022 USD, purchaser price",0.059,0,0.059,52A000
522190,Other Depository Credit Intermediation,"kg CO2e/2022 USD, purchaser price",0.059,0,0.059,52A000
522210,Credit Card Issuing,"kg CO2e/2022 USD, purchaser price",0.072,0,0.072,522A00
522220,Sales Financing,"kg CO2e/2022 USD, purchaser price",0.072,0,0.072,522A00
522291,Consumer Lending,"kg CO2e/2022 USD, purchaser price",0.072,0,0.072,522A00
522292,Real Estate Credit,"kg CO2e/2022 USD, purchaser price",0.072,0,0.072,522A00
522293,International Trade Financing,"kg CO2e/2022 USD, purchaser price",0.072,0,0.072,522A00
522294,Secondary Market Financing,"kg CO2e/2022 USD, purchaser price",0.072,0,0.072,522A00
522298,All Other Nondepository Credit Intermediation,"kg CO2e/2022 USD, purchaser price",0.072,0,0.072,522A00
522310,Mortgage and Nonmortgage Loan Brokers,"kg CO2e/2022 USD, purchaser price",0.072,0,0.072,522A00
522320,"Financial Transactions Processing, Reserve, and Clearinghouse Activities","kg CO2e/2022 USD, purchaser price",0.072,0,0.072,522A00
522390,Other Activities Related to Credit Intermediation,"kg CO2e/2022 USD, purchaser price",0.072,0,0.072,522A00
523110,Investment Banking and Securities Dealing,"kg CO2e/2022 USD, purchaser price",0.043,0,0.043,523A00
523120,Securities Brokerage,"kg CO2e/2022 USD, purchaser price",0.043,0,0.043,523A00
523130,Commodity Contracts Dealing,"kg CO2e/2022 USD, purchaser price",0.043,0,0.043,523A00
523140,Commodity Contracts Brokerage,"kg CO2e/2022 USD, purchaser price",0.043,0,0.043,523A00
523210,Securities and Commodity Exchanges,"kg CO2e/2022 USD, purchaser price",0.043,0,0.043,523A00
523910,Miscellaneous Intermediation,"kg CO2e/2022 USD, purchaser price",0.066,0,0.066,523900
523920,Portfolio Management,"kg CO2e/2022 USD, purchaser price",0.066,0,0.066,523900
523930,Investment Advice,"kg CO2e/2022 USD, purchaser price",0.066,0,0.066,523900
523991,"Trust, Fiduciary, and Custody Activities","kg CO2e/2022 USD, purchaser price",0.066,0,0.066,523900
523999,Miscellaneous Financial Investment Activities,"kg CO2e/2022 USD, purchaser price",0.066,0,0.066,523900
524113,Direct Life Insurance Carriers,"kg CO2e/2022 USD, purchaser price",0.051,0,0.051,524113
524114,Direct Health and Medical Insurance Carriers,"kg CO2e/2022 USD, purchaser price",0.033,0,0.033,5241XX
524126,Direct Property and Casualty Insurance Carriers,"kg CO2e/2022 USD, purchaser price",0.033,0,0.033,5241XX
524127,Direct Title Insurance Carriers,"kg CO2e/2022 USD, purchaser price",0.033,0,0.033,5241XX
524128,"Other Direct Insurance (except Life, Health, and Medical) Carriers","kg CO2e/2022 USD, purchaser price",0.033,0,0.033,5241XX
524130,Reinsurance Carriers,"kg CO2e/2022 USD, purchaser price",0.033,0,0.033,5241XX
524210,Insurance Agencies and Brokerages,"kg CO2e/2022 USD, purchaser price",0.029,0,0.029,524200
524291,Claims Adjusting,"kg CO2e/2022 USD, purchaser price",0.029,0,0.029,524200
524292,Third Party Administration of Insurance and Pension Funds,"kg CO2e/2022 USD, purchaser price",0.029,0,0.029,524200
524298,All Other Insurance Related Activities,"kg CO2e/2022 USD, purchaser price",0.029,0,0.029,524200
525110,Pension Funds,"kg CO2e/2022 USD, purchaser price",0.218,0,0.218,525000
525120,Health and Welfare Funds,"kg CO2e/2022 USD, purchaser price",0.218,0,0.218,525000
525190,Other Insurance Funds,"kg CO2e/2022 USD, purchaser price",0.218,0,0.218,525000
525910,Open-End Investment Funds,"kg CO2e/2022 USD, purchaser price",0.218,0,0.218,525000
525920,"Trusts, Estates, and Agency Accounts","kg CO2e/2022 USD, purchaser price",0.218,0,0.218,525000
525990,Other Financial Vehicles,"kg CO2e/2022 USD, purchaser price",0.218,0,0.218,525000
531110,Lessors of Residential Buildings and Dwellings,"kg CO2e/2022 USD, purchaser price",0.033,0,0.033,"531HSO, 531HST"
531120,Lessors of Nonresidential Buildings (excpet Miniwarehouses),"kg CO2e/2022 USD, purchaser price",0.246,0,0.246,531ORE
531130,Lessors of Miniwarehouses and Self-Storage Units,"kg CO2e/2022 USD, purchaser price",0.246,0,0.246,531ORE
531190,Lessors of Other Real Estate Property,"kg CO2e/2022 USD, purchaser price",0.246,0,0.246,531ORE
531210,Offices of Real Estate Agents and Brokers,"kg CO2e/2022 USD, purchaser price",0.246,0,0.246,531ORE
531311,Residential Property Managers,"kg CO2e/2022 USD, purchaser price",0.246,0,0.246,531ORE
531312,Nonresidential Property Managers,"kg CO2e/2022 USD, purchaser price",0.246,0,0.246,531ORE
531320,Offices of Real Estate Appraisers,"kg CO2e/2022 USD, purchaser price",0.246,0,0.246,531ORE
531390,Other Activities Related to Real Estate,"kg CO2e/2022 USD, purchaser price",0.246,0,0.246,531ORE
532111,Passenger Car Rental,"kg CO2e/2022 USD, purchaser price",0.11,0,0.11,532100
532112,Passenger Car Leasing,"kg CO2e/2022 USD, purchaser price",0.11,0,0.11,532100
532120,"Truck, Utility Trailer, and RV (Recreational Vehicle) Rental and Leasing","kg CO2e/2022 USD, purchaser price",0.11,0,0.11,532100
532210,Consumer Electronics and Appliances Rental,"kg CO2e/2022 USD, purchaser price",0.102,0,0.102,532A00
532281,Formal Wear and Costume Rental,"kg CO2e/2022 USD, purchaser price",0.102,0,0.102,532A00
532282,Video Tape and Disc Rental,"kg CO2e/2022 USD, purchaser price",0.102,0,0.102,532A00
532283,Home Health Equipment Rental,"kg CO2e/2022 USD, purchaser price",0.102,0,0.102,532A00
532284,Recreational Goods Rental,"kg CO2e/2022 USD, purchaser price",0.102,0,0.102,532A00
532289,All Other Consumer Goods Rental,"kg CO2e/2022 USD, purchaser price",0.102,0,0.102,532A00
532310,General Rental Centers,"kg CO2e/2022 USD, purchaser price",0.102,0,0.102,532A00
532411,"Commercial Air, Rail, and Water Transportation Equipment Rental and Leasing","kg CO2e/2022 USD, purchaser price",0.106,0,0.106,532400
532412,"Construction, Mining, and Forestry Machinery and Equipment Rental and Leasing","kg CO2e/2022 USD, purchaser price",0.106,0,0.106,532400
532420,Office Machinery and Equipment Rental and Leasing,"kg CO2e/2022 USD, purchaser price",0.106,0,0.106,532400
532490,Other Commercial and Industrial Machinery and Equipment Rental and Leasing,"kg CO2e/2022 USD, purchaser price",0.106,0,0.106,532400
533110,Lessors of Nonfinancial Intangible Assets (except Copyrighted Works),"kg CO2e/2022 USD, purchaser price",0.052,0,0.052,533000
541110,Offices of Lawyers,"kg CO2e/2022 USD, purchaser price",0.041,0,0.041,541100
541120,Offices of Notaries,"kg CO2e/2022 USD, purchaser price",0.041,0,0.041,541100
541191,Title Abstract and Settlement Offices,"kg CO2e/2022 USD, purchaser price",0.041,0,0.041,541100
541199,All Other Legal Services,"kg CO2e/2022 USD, purchaser price",0.041,0,0.041,541100
541211,Offices of Certified Public Accountants,"kg CO2e/2022 USD, purchaser price",0.054,0,0.054,541200
541213,Tax Preparation Services,"kg CO2e/2022 USD, purchaser price",0.054,0,0.054,541200
541214,Payroll Services,"kg CO2e/2022 USD, purchaser price",0.054,0,0.054,541200
541219,Other Accounting Services,"kg CO2e/2022 USD, purchaser price",0.054,0,0.054,541200
541310,Architectural Services,"kg CO2e/2022 USD, purchaser price",0.103,0,0.103,541300
541320,Landscape Architectural Services,"kg CO2e/2022 USD, purchaser price",0.103,0,0.103,541300
541330,Engineering Services,"kg CO2e/2022 USD, purchaser price",0.103,0,0.103,541300
541340,Drafting Services,"kg CO2e/2022 USD, purchaser price",0.103,0,0.103,541300
541350,Building Inspection Services,"kg CO2e/2022 USD, purchaser price",0.103,0,0.103,541300
541360,Geophysical Surveying and Mapping Services,"kg CO2e/2022 USD, purchaser price",0.103,0,0.103,541300
541370,Surveying and Mapping (except Geophysical) Services,"kg CO2e/2022 USD, purchaser price",0.103,0,0.103,541300
541380,Testing Laboratories,"kg CO2e/2022 USD, purchaser price",0.103,0,0.103,541300
541410,Interior Design Services,"kg CO2e/2022 USD, purchaser price",0.094,0,0.094,541400
541420,Industrial Design Services,"kg CO2e/2022 USD, purchaser price",0.094,0,0.094,541400
541430,Graphic Design Services,"kg CO2e/2022 USD, purchaser price",0.094,0,0.094,541400
541490,Other Specialized Design Services,"kg CO2e/2022 USD, purchaser price",0.094,0,0.094,541400
541511,Custom Computer Programming Services,"kg CO2e/2022 USD, purchaser price",0.084,0,0.084,541511
541512,Computer Systems Design Services,"kg CO2e/2022 USD, purchaser price",0.089,0,0.089,541512
541513,Computer Facilities Management Services,"kg CO2e/2022 USD, purchaser price",0.08,0,0.08,54151A
541519,Other Computer Related Services,"kg CO2e/2022 USD, purchaser price",0.08,0,0.08,54151A
541611,Administrative Management and General Management Consulting Services,"kg CO2e/2022 USD, purchaser price",0.078,0,0.078,541610
541612,Human Resources Consulting Services,"kg CO2e/2022 USD, purchaser price",0.078,0,0.078,541610
541613,Marketing Consulting Services,"kg CO2e/2022 USD, purchaser price",0.078,0,0.078,541610
541614,"Process, Physical Distribution, and Logistics Consulting Services","kg CO2e/2022 USD, purchaser price",0.078,0,0.078,541610
541618,Other Management Consulting Services,"kg CO2e/2022 USD, purchaser price",0.078,0,0.078,541610
541620,Environmental Consulting Services,"kg CO2e/2022 USD, purchaser price",0.09,0,0.09,5416A0
541690,Other Scientific and Technical Consulting Services,"kg CO2e/2022 USD, purchaser price",0.09,0,0.09,5416A0
541713,Research and Development in Nanotechnology,"kg CO2e/2022 USD, purchaser price",0.156,0,0.156,541700
541714,Research and Development in Biotechnology (except Nanobiotechnology),"kg CO2e/2022 USD, purchaser price",0.156,0,0.156,541700
541715,"Research and Development in the Physical, Engineering, and Life Sciences (except Nanotechnology and Biotechnology)","kg CO2e/2022 USD, purchaser price",0.156,0,0.156,541700
541720,Research and Development in the Social Sciences and Humanities,"kg CO2e/2022 USD, purchaser price",0.156,0,0.156,541700
541810,Advertising Agencies,"kg CO2e/2022 USD, purchaser price",0.085,0,0.085,541800
541820,Public Relations Agencies,"kg CO2e/2022 USD, purchaser price",0.085,0,0.085,541800
541830,Media Buying Agencies,"kg CO2e/2022 USD, purchaser price",0.085,0,0.085,541800
541840,Media Representatives,"kg CO2e/2022 USD, purchaser price",0.085,0,0.085,541800
541850,Outdoor Advertising,"kg CO2e/2022 USD, purchaser price",0.085,0,0.085,541800
541860,Direct Mail Advertising,"kg CO2e/2022 USD, purchaser price",0.085,0,0.085,541800
541870,Advertising Material Distribution Services,"kg CO2e/2022 USD, purchaser price",0.085,0,0.085,541800
541890,Other Services Related to Advertising,"kg CO2e/2022 USD, purchaser price",0.085,0,0.085,541800
541910,Marketing Research and Public Opinion Polling,"kg CO2e/2022 USD, purchaser price",0.08,0,0.08,5419A0
541921,"Photography Studios, Portrait","kg CO2e/2022 USD, purchaser price",0.125,0,0.125,541920
541922,Commercial Photography,"kg CO2e/2022 USD, purchaser price",0.125,0,0.125,541920
541930,Translation and Interpretation Services,"kg CO2e/2022 USD, purchaser price",0.08,0,0.08,5419A0
541940,Veterinary Services,"kg CO2e/2022 USD, purchaser price",0.127,0,0.127,541940
541990,"All Other Professional, Scientific, and Technical Services","kg CO2e/2022 USD, purchaser price",0.08,0,0.08,5419A0
551111,Offices of Bank Holding Companies,"kg CO2e/2022 USD, purchaser price",0.084,0,0.084,550000
551112,Offices of Other Holding Companies,"kg CO2e/2022 USD, purchaser price",0.084,0,0.084,550000
551114,"Corporate, Subsidiary, and Regional Managing Offices","kg CO2e/2022 USD, purchaser price",0.084,0,0.084,550000
561110,Office Administrative Services,"kg CO2e/2022 USD, purchaser price",0.1,0,0.1,561100
561210,Facilities Support Services,"kg CO2e/2022 USD, purchaser price",0.199,0,0.199,561200
561311,Employment Placement Agencies,"kg CO2e/2022 USD, purchaser price",0.051,0,0.051,561300
561312,Executive Search Services,"kg CO2e/2022 USD, purchaser price",0.051,0,0.051,561300
561320,Temporary Help Services,"kg CO2e/2022 USD, purchaser price",0.051,0,0.051,561300
561330,Professional Employer Organizations,"kg CO2e/2022 USD, purchaser price",0.051,0,0.051,561300
561410,Document Preparation Services,"kg CO2e/2022 USD, purchaser price",0.111,0,0.111,561400
561421,Telephone Answering Services,"kg CO2e/2022 USD, purchaser price",0.111,0,0.111,561400
561422,Telemarketing Bureaus and Other Contact Centers,"kg CO2e/2022 USD, purchaser price",0.111,0,0.111,561400
561431,Private Mail Centers,"kg CO2e/2022 USD, purchaser price",0.111,0,0.111,561400
561439,Other Business Service Centers (including Copy Shops),"kg CO2e/2022 USD, purchaser price",0.111,0,0.111,561400
561440,Collection Agencies,"kg CO2e/2022 USD, purchaser price",0.111,0,0.111,561400
561450,Credit Bureaus,"kg CO2e/2022 USD, purchaser price",0.111,0,0.111,561400
561491,Repossession Services,"kg CO2e/2022 USD, purchaser price",0.111,0,0.111,561400
561492,Court Reporting and Stenotype Services,"kg CO2e/2022 USD, purchaser price",0.111,0,0.111,561400
561499,All Other Business Support Services,"kg CO2e/2022 USD, purchaser price",0.111,0,0.111,561400
561510,Travel Agencies,"kg CO2e/2022 USD, purchaser price",0.088,0,0.088,561500
561520,Tour Operators,"kg CO2e/2022 USD, purchaser price",0.088,0,0.088,561500
561591,Convention and Visitors Bureaus,"kg CO2e/2022 USD, purchaser price",0.088,0,0.088,561500
561599,All Other Travel Arrangement and Reservation Services,"kg CO2e/2022 USD, purchaser price",0.088,0,0.088,561500
561611,Investigation Services,"kg CO2e/2022 USD, purchaser price",0.074,0,0.074,561600
561612,Security Guards and Patrol Services,"kg CO2e/2022 USD, purchaser price",0.074,0,0.074,561600
561613,Armored Car Services,"kg CO2e/2022 USD, purchaser price",0.074,0,0.074,561600
561621,Security Systems Services (except Locksmiths),"kg CO2e/2022 USD, purchaser price",0.074,0,0.074,561600
561622,Locksmiths,"kg CO2e/2022 USD, purchaser price",0.074,0,0.074,561600
561710,Exterminating and Pest Control Services,"kg CO2e/2022 USD, purchaser price",0.214,0,0.214,561700
561720,Janitorial Services,"kg CO2e/2022 USD, purchaser price",0.214,0,0.214,561700
561730,Landscaping Services,"kg CO2e/2022 USD, purchaser price",0.214,0,0.214,561700
561740,Carpet and Upholstery Cleaning Services,"kg CO2e/2022 USD, purchaser price",0.214,0,0.214,561700
561790,Other Services to Buildings and Dwellings,"kg CO2e/2022 USD, purchaser price",0.214,0,0.214,561700
561910,Packaging and Labeling Services,"kg CO2e/2022 USD, purchaser price",0.127,0,0.127,561900
561920,Convention and Trade Show Organizers,"kg CO2e/2022 USD, purchaser price",0.127,0,0.127,561900
561990,All Other Support Services,"kg CO2e/2022 USD, purchaser price",0.127,0,0.127,561900
562111,Solid Waste Collection,"kg CO2e/2022 USD, purchaser price",0.988,0,0.988,562000
562112,Hazardous Waste Collection,"kg CO2e/2022 USD, purchaser price",0.988,0,0.988,562000
562119,Other Waste Collection,"kg CO2e/2022 USD, purchaser price",0.988,0,0.988,562000
562211,Hazardous Waste Treatment and Disposal,"kg CO2e/2022 USD, purchaser price",0.988,0,0.988,562000
562212,Solid Waste Landfill,"kg CO2e/2022 USD, purchaser price",0.988,0,0.988,562000
562213,Solid Waste Combustors and Incinerators,"kg CO2e/2022 USD, purchaser price",0.988,0,0.988,562000
562219,Other Nonhazardous Waste Treatment and Disposal,"kg CO2e/2022 USD, purchaser price",0.988,0,0.988,562000
562910,Remediation Services,"kg CO2e/2022 USD, purchaser price",0.988,0,0.988,562000
562920,Materials Recovery Facilities,"kg CO2e/2022 USD, purchaser price",0.988,0,0.988,562000
562991,Septic Tank and Related Services,"kg CO2e/2022 USD, purchaser price",0.988,0,0.988,562000
562998,All Other Miscellaneous Waste Management Services,"kg CO2e/2022 USD, purchaser price",0.988,0,0.988,562000
611110,Elementary and Secondary Schools,"kg CO2e/2022 USD, purchaser price",0.186,0,0.186,611100
611210,Junior Colleges,"kg CO2e/2022 USD, purchaser price",0.14,0,0.14,611A00
611310,"Colleges, Universities, and Professional Schools","kg CO2e/2022 USD, purchaser price",0.14,0,0.14,611A00
611410,Business and Secretarial Schools,"kg CO2e/2022 USD, purchaser price",0.108,0,0.108,611B00
611420,Computer Training,"kg CO2e/2022 USD, purchaser price",0.108,0,0.108,611B00
611430,Professional and Management Development Training,"kg CO2e/2022 USD, purchaser price",0.108,0,0.108,611B00
611511,Cosmetology and Barber Schools,"kg CO2e/2022 USD, purchaser price",0.108,0,0.108,611B00
611512,Flight Training,"kg CO2e/2022 USD, purchaser price",0.108,0,0.108,611B00
611513,Apprenticeship Training,"kg CO2e/2022 USD, purchaser price",0.108,0,0.108,611B00
611519,Other Technical and Trade Schools,"kg CO2e/2022 USD, purchaser price",0.108,0,0.108,611B00
611610,Fine Arts Schools,"kg CO2e/2022 USD, purchaser price",0.108,0,0.108,611B00
611620,Sports and Recreation Instruction,"kg CO2e/2022 USD, purchaser price",0.108,0,0.108,611B00
611630,Language Schools,"kg CO2e/2022 USD, purchaser price",0.108,0,0.108,611B00
611691,Exam Preparation and Tutoring,"kg CO2e/2022 USD, purchaser price",0.108,0,0.108,611B00
611692,Automobile Driving Schools,"kg CO2e/2022 USD, purchaser price",0.108,0,0.108,611B00
611699,All Other Miscellaneous Schools and Instruction,"kg CO2e/2022 USD, purchaser price",0.108,0,0.108,611B00
611710,Educational Support Services,"kg CO2e/2022 USD, purchaser price",0.108,0,0.108,611B00
621111,Offices of Physicians (except Mental Health Specialists),"kg CO2e/2022 USD, purchaser price",0.083,0,0.083,621100
621112,"Offices of Physicians, Mental Health Specialists","kg CO2e/2022 USD, purchaser price",0.083,0,0.083,621100
621210,Offices of Dentists,"kg CO2e/2022 USD, purchaser price",0.056,0,0.056,621200
621310,Offices of Chiropractors,"kg CO2e/2022 USD, purchaser price",0.105,0,0.105,621300
621320,Offices of Optometrists,"kg CO2e/2022 USD, purchaser price",0.105,0,0.105,621300
621330,Offices of Mental Health Practitioners (except Physicians),"kg CO2e/2022 USD, purchaser price",0.105,0,0.105,621300
621340,"Offices of Physical, Occupational and Speech Therapists, and Audiologists","kg CO2e/2022 USD, purchaser price",0.105,0,0.105,621300
621391,Offices of Podiatrists,"kg CO2e/2022 USD, purchaser price",0.105,0,0.105,621300
621399,Offices of All Other Miscellaneous Health Practitioners,"kg CO2e/2022 USD, purchaser price",0.105,0,0.105,621300
621410,Family Planning Centers,"kg CO2e/2022 USD, purchaser price",0.096,0,0.096,621400
621420,Outpatient Mental Health and Substance Abuse Centers,"kg CO2e/2022 USD, purchaser price",0.096,0,0.096,621400
621491,HMO Medical Centers,"kg CO2e/2022 USD, purchaser price",0.096,0,0.096,621400
621492,Kidney Dialysis Centers,"kg CO2e/2022 USD, purchaser price",0.096,0,0.096,621400
621493,Freestanding Ambulatory Surgical and Emergency Centers,"kg CO2e/2022 USD, purchaser price",0.096,0,0.096,621400
621498,All Other Outpatient Care Centers,"kg CO2e/2022 USD, purchaser price",0.096,0,0.096,621400
621511,Medical Laboratories,"kg CO2e/2022 USD, purchaser price",0.092,0,0.092,621500
621512,Diagnostic Imaging Centers,"kg CO2e/2022 USD, purchaser price",0.092,0,0.092,621500
621610,Home Health Care Services,"kg CO2e/2022 USD, purchaser price",0.104,0,0.104,621600
621910,Ambulance Services,"kg CO2e/2022 USD, purchaser price",0.18,0,0.18,621900
621991,Blood and Organ Banks,"kg CO2e/2022 USD, purchaser price",0.18,0,0.18,621900
621999,All Other Miscellaneous Ambulatory Health Care Services,"kg CO2e/2022 USD, purchaser price",0.18,0,0.18,621900
622110,General Medical and Surgical Hospitals,"kg CO2e/2022 USD, purchaser price",0.145,0,0.145,622000
622210,Psychiatric and Substance Abuse Hospitals,"kg CO2e/2022 USD, purchaser price",0.145,0,0.145,622000
622310,Specialty (except Psychiatric and Substance Abuse) Hospitals,"kg CO2e/2022 USD, purchaser price",0.145,0,0.145,622000
623110,Nursing Care Facilities (Skilled Nursing Facilities),"kg CO2e/2022 USD, purchaser price",0.159,0,0.159,623A00
623210,Residential Intellectual and Developmental Disability Facilities,"kg CO2e/2022 USD, purchaser price",0.129,0,0.129,623B00
623220,Residential Mental Health and Substance Abuse Facilities,"kg CO2e/2022 USD, purchaser price",0.129,0,0.129,623B00
623311,Continuing Care Retirement Communities,"kg CO2e/2022 USD, purchaser price",0.159,0,0.159,623A00
623312,Assisted Living Facilities for the Elderly,"kg CO2e/2022 USD, purchaser price",0.159,0,0.159,623A00
623990,Other Residential Care Facilities,"kg CO2e/2022 USD, purchaser price",0.129,0,0.129,623B00
624110,Child and Youth Services,"kg CO2e/2022 USD, purchaser price",0.118,0,0.118,624100
624120,Services for the Elderly and Persons with Disabilities,"kg CO2e/2022 USD, purchaser price",0.118,0,0.118,624100
624190,Other Individual and Family Services,"kg CO2e/2022 USD, purchaser price",0.118,0,0.118,624100
624210,Community Food Services,"kg CO2e/2022 USD, purchaser price",0.217,0,0.217,624A00
624221,Temporary Shelters,"kg CO2e/2022 USD, purchaser price",0.217,0,0.217,624A00
624229,Other Community Housing Services,"kg CO2e/2022 USD, purchaser price",0.217,0,0.217,624A00
624230,Emergency and Other Relief Services,"kg CO2e/2022 USD, purchaser price",0.217,0,0.217,624A00
624310,Vocational Rehabilitation Services,"kg CO2e/2022 USD, purchaser price",0.217,0,0.217,624A00
624410,Child Day Care Services,"kg CO2e/2022 USD, purchaser price",0.215,0,0.215,624400
711110,Theater Companies and Dinner Theaters,"kg CO2e/2022 USD, purchaser price",0.086,0,0.086,711100
711120,Dance Companies,"kg CO2e/2022 USD, purchaser price",0.086,0,0.086,711100
711130,Musical Groups and Artists,"kg CO2e/2022 USD, purchaser price",0.086,0,0.086,711100
711190,Other Performing Arts Companies,"kg CO2e/2022 USD, purchaser price",0.086,0,0.086,711100
711211,Sports Teams and Clubs,"kg CO2e/2022 USD, purchaser price",0.067,0,0.067,711200
711212,Racetracks,"kg CO2e/2022 USD, purchaser price",0.067,0,0.067,711200
711219,Other Spectator Sports,"kg CO2e/2022 USD, purchaser price",0.067,0,0.067,711200
711310,"Promoters of Performing Arts, Sports, and Similar Events with Facilities","kg CO2e/2022 USD, purchaser price",0.093,0,0.093,711A00
711320,"Promoters of Performing Arts, Sports, and Similar Events without Facilities","kg CO2e/2022 USD, purchaser price",0.093,0,0.093,711A00
711410,"Agents and Managers for Artists, Athletes, Entertainers, and Other Public Figures","kg CO2e/2022 USD, purchaser price",0.093,0,0.093,711A00
711510,"Independent Artists, Writers, and Performers","kg CO2e/2022 USD, purchaser price",0.033,0,0.033,711500
712110,Museums,"kg CO2e/2022 USD, purchaser price",0.136,0,0.136,712000
712120,Historical Sites,"kg CO2e/2022 USD, purchaser price",0.136,0,0.136,712000
712130,Zoos and Botanical Gardens,"kg CO2e/2022 USD, purchaser price",0.136,0,0.136,712000
712190,Nature Parks and Other Similar Institutions,"kg CO2e/2022 USD, purchaser price",0.136,0,0.136,712000
713110,Amusement and Theme Parks,"kg CO2e/2022 USD, purchaser price",0.167,0,0.167,713100
713120,Amusement Arcades,"kg CO2e/2022 USD, purchaser price",0.167,0,0.167,713100
713210,Casinos (except Casino Hotels),"kg CO2e/2022 USD, purchaser price",0.174,0,0.174,713200
713290,Other Gambling Industries,"kg CO2e/2022 USD, purchaser price",0.174,0,0.174,713200
713910,Golf Courses and Country Clubs,"kg CO2e/2022 USD, purchaser price",0.235,0,0.235,713900
713920,Skiing Facilities,"kg CO2e/2022 USD, purchaser price",0.235,0,0.235,713900
713930,Marinas,"kg CO2e/2022 USD, purchaser price",0.235,0,0.235,713900
713940,Fitness and Recreational Sports Centers,"kg CO2e/2022 USD, purchaser price",0.235,0,0.235,713900
713950,Bowling Centers,"kg CO2e/2022 USD, purchaser price",0.235,0,0.235,713900
713990,All Other Amusement and Recreation Industries,"kg CO2e/2022 USD, purchaser price",0.235,0,0.235,713900
721110,Hotels (except Casino Hotels) and Motels,"kg CO2e/2022 USD, purchaser price",0.145,0,0.145,721000
721120,Casino Hotels,"kg CO2e/2022 USD, purchaser price",0.145,0,0.145,721000
721191,Bed-and-Breakfast Inns,"kg CO2e/2022 USD, purchaser price",0.145,0,0.145,721000
721199,All Other Traveler Accommodation,"kg CO2e/2022 USD, purchaser price",0.145,0,0.145,721000
721211,RV (Recreational Vehicle) Parks and Campgrounds,"kg CO2e/2022 USD, purchaser price",0.145,0,0.145,721000
721214,Recreational and Vacation Camps (except Campgrounds),"kg CO2e/2022 USD, purchaser price",0.145,0,0.145,721000
721310,"Rooming and Boarding Houses, Dormitories, and Workers' Camps","kg CO2e/2022 USD, purchaser price",0.145,0,0.145,721000
722310,Food Service Contractors,"kg CO2e/2022 USD, purchaser price",0.132,0,0.132,722A00
722320,Caterers,"kg CO2e/2022 USD, purchaser price",0.132,0,0.132,722A00
722330,Mobile Food Services,"kg CO2e/2022 USD, purchaser price",0.132,0,0.132,722A00
722410,Drinking Places (Alcoholic Beverages),"kg CO2e/2022 USD, purchaser price",0.132,0,0.132,722A00
722511,Full-Service Restaurants,"kg CO2e/2022 USD, purchaser price",0.194,0,0.194,722110
722513,Limited-Service Restaurants,"kg CO2e/2022 USD, purchaser price",0.255,0,0.255,722211
722514,"Cafeterias, Grill Buffets, and Buffets","kg CO2e/2022 USD, purchaser price",0.132,0,0.132,722A00
722515,Snack and Nonalcoholic Beverage Bars,"kg CO2e/2022 USD, purchaser price",0.132,0,0.132,722A00
811111,General Automotive Repair,"kg CO2e/2022 USD, purchaser price",0.103,0,0.103,811100
811112,Automotive Exhaust System Repair,"kg CO2e/2022 USD, purchaser price",0.103,0,0.103,811100
811113,Automotive Transmission Repair,"kg CO2e/2022 USD, purchaser price",0.103,0,0.103,811100
811118,Other Automotive Mechanical and Electrical Repair and Maintenance,"kg CO2e/2022 USD, purchaser price",0.103,0,0.103,811100
811121,"Automotive Body, Paint, and Interior Repair and Maintenance","kg CO2e/2022 USD, purchaser price",0.103,0,0.103,811100
811122,Automotive Glass Replacement Shops,"kg CO2e/2022 USD, purchaser price",0.103,0,0.103,811100
811191,Automotive Oil Change and Lubrication Shops,"kg CO2e/2022 USD, purchaser price",0.103,0,0.103,811100
811192,Car Washes,"kg CO2e/2022 USD, purchaser price",0.103,0,0.103,811100
811198,All Other Automotive Repair and Maintenance,"kg CO2e/2022 USD, purchaser price",0.103,0,0.103,811100
811211,Consumer Electronics Repair and Maintenance,"kg CO2e/2022 USD, purchaser price",0.076,0,0.076,811200
811212,Computer and Office Machine Repair and Maintenance,"kg CO2e/2022 USD, purchaser price",0.076,0,0.076,811200
811213,Communication Equipment Repair and Maintenance,"kg CO2e/2022 USD, purchaser price",0.076,0,0.076,811200
811219,Other Electronic and Precision Equipment Repair and Maintenance,"kg CO2e/2022 USD, purchaser price",0.076,0,0.076,811200
811310,Commercial and Industrial Machinery and Equipment (except Automotive and Electronic) Repair and Maintenance,"kg CO2e/2022 USD, purchaser price",0.136,0,0.136,811300
811411,Home and Garden Equipment Repair and Maintenance,"kg CO2e/2022 USD, purchaser price",0.113,0,0.113,811400
811412,Appliance Repair and Maintenance,"kg CO2e/2022 USD, purchaser price",0.113,0,0.113,811400
811420,Reupholstery and Furniture Repair,"kg CO2e/2022 USD, purchaser price",0.113,0,0.113,811400
811430,Footwear and Leather Goods Repair,"kg CO2e/2022 USD, purchaser price",0.113,0,0.113,811400
811490,Other Personal and Household Goods Repair and Maintenance,"kg CO2e/2022 USD, purchaser price",0.113,0,0.113,811400
812111,Barber Shops,"kg CO2e/2022 USD, purchaser price",0.125,0,0.125,812100
812112,Beauty Salons,"kg CO2e/2022 USD, purchaser price",0.125,0,0.125,812100
812113,Nail Salons,"kg CO2e/2022 USD, purchaser price",0.125,0,0.125,812100
812191,Diet and Weight Reducing Centers,"kg CO2e/2022 USD, purchaser price",0.125,0,0.125,812100
812199,Other Personal Care Services,"kg CO2e/2022 USD, purchaser price",0.125,0,0.125,812100
812210,Funeral Homes and Funeral Services,"kg CO2e/2022 USD, purchaser price",0.047,0,0.047,812200
812220,Cemeteries and Crematories,"kg CO2e/2022 USD, purchaser price",0.047,0,0.047,812200
812310,Coin-Operated Laundries and Drycleaners,"kg CO2e/2022 USD, purchaser price",0.158,0,0.158,812300
812320,Drycleaning and Laundry Services (except Coin-Operated),"kg CO2e/2022 USD, purchaser price",0.158,0,0.158,812300
812331,Linen Supply,"kg CO2e/2022 USD, purchaser price",0.158,0,0.158,812300
812332,Industrial Launderers,"kg CO2e/2022 USD, purchaser price",0.158,0,0.158,812300
812910,Pet Care (except Veterinary) Services,"kg CO2e/2022 USD, purchaser price",0.111,0,0.111,812900
812921,Photofinishing Laboratories (except One-Hour),"kg CO2e/2022 USD, purchaser price",0.111,0,0.111,812900
812922,One-Hour Photofinishing,"kg CO2e/2022 USD, purchaser price",0.111,0,0.111,812900
812930,Parking Lots and Garages,"kg CO2e/2022 USD, purchaser price",0.111,0,0.111,812900
812990,All Other Personal Services,"kg CO2e/2022 USD, purchaser price",0.111,0,0.111,812900
813110,Religious Organizations,"kg CO2e/2022 USD, purchaser price",0.076,0,0.076,813100
813211,Grantmaking Foundations,"kg CO2e/2022 USD, purchaser price",0.059,0,0.059,813A00
813212,Voluntary Health Organizations,"kg CO2e/2022 USD, purchaser price",0.059,0,0.059,813A00
813219,Other Grantmaking and Giving Services,"kg CO2e/2022 USD, purchaser price",0.059,0,0.059,813A00
813311,Human Rights Organizations,"kg CO2e/2022 USD, purchaser price",0.059,0,0.059,813A00
813312,"Environment, Conservation and Wildlife Organizations","kg CO2e/2022 USD, purchaser price",0.059,0,0.059,813A00
813319,Other Social Advocacy Organizations,"kg CO2e/2022 USD, purchaser price",0.059,0,0.059,813A00
813410,Civic and Social Organizations,"kg CO2e/2022 USD, purchaser price",0.128,0,0.128,813B00
813910,Business Associations,"kg CO2e/2022 USD, purchaser price",0.128,0,0.128,813B00
813920,Professional Organizations,"kg CO2e/2022 USD, purchaser price",0.128,0,0.128,813B00
813930,Labor Unions and Similar Labor Organizations,"kg CO2e/2022 USD, purchaser price",0.128,0,0.128,813B00
813940,Political Organizations,"kg CO2e/2022 USD, purchaser price",0.128,0,0.128,813B00
813990,"Other Similar Organizations (except Business, Professional, Labor, and Political Organizations)","kg CO2e/2022 USD, purchaser price",0.128,0,0.128,813B00
